product_id,permit_no,brand_norm,fanciful_norm,brand_name,fanciful_name,prod_norm,n_colas,first_approval,last_approval,class_types,applicant
P000001,DSP-KY-113,DALE,,KENTUCKY DALE,,DALE,5,2000-01-12,2000-01-12,STRAIGHT BOURBON WHISKY,
P000002,KY-I-344,OLD FITZGERALD,VERY SPECIAL,OLD FITZGERALD,VERY SPECIAL,OLD FITZGERALD VERY SPECIAL,2,2000-01-28,2000-02-15,STRAIGHT BOURBON WHISKY,KY-I-344
P000003,DSP-MO-16,REBEL YELL,,REBEL YELL,,REBEL YELL,1,2000-02-03,2000-02-03,STRAIGHT BOURBON WHISKY,
P000004,DSP-OH-22,PARAMOUNT DELUXE,,PARAMOUNT KENTUCKY DELUXE,,PARAMOUNT DELUXE,2,2000-02-04,2000-02-04,STRAIGHT BOURBON WHISKY,
P000005,DSP-OH-22,PARAMOUNT VELVET,,PARAMOUNT KENTUCKY VELVET,,PARAMOUNT VELVET,1,2000-02-04,2000-02-04,STRAIGHT BOURBON WHISKY,
P000006,DSP-KY-24,VERY OLD BARTON,,VERY OLD BARTON,,VERY OLD BARTON,2,2000-02-09,2000-02-09,STRAIGHT BOURBON WHISKY,
P000007,DSP-MO-16,EZRA B,,EZRA B.,,EZRA B,2,2000-02-04,2000-05-25,BOURBON WHISKY|STRAIGHT BOURBON WHISKY,
P000008,DSP-KY-230,KNOB CREEK,,KNOB CREEK,,KNOB CREEK,1,2000-02-08,2000-02-08,STRAIGHT BOURBON WHISKY,
P000009,DSP-KY-52,LABROT GRAHAM,WOODFORD RESERVE,LABROT & GRAHAM,WOODFORD RESERVE,LABROT GRAHAM WOODFORD RESERVE,1,2000-03-01,2000-03-01,STRAIGHT BOURBON WHISKY,
P000010,DSP-KY-14,CALVERT EXTRA,,CALVERT EXTRA,,CALVERT EXTRA,2,2000-02-23,2000-03-28,BLENDED BOURBON WHISKY,
P000011,DSP-KY-14,OLD GRAND DAD,,OLD GRAND-DAD,,OLD GRAND DAD,2,2000-02-18,2000-02-18,BOURBON WHISKY BIB|STRAIGHT BOURBON WHISKY,
P000012,DSP-KY-113,BENCHMARK,,BENCHMARK,,BENCHMARK,3,2000-03-06,2000-03-06,STRAIGHT BOURBON WHISKY,
P000013,DSP-KY-113,W L WELLER,,W. L. WELLER,,W L WELLER,5,2000-03-06,2000-06-20,STRAIGHT BOURBON WHISKY,
P000014,DSP-IN-26,GEORGE DICKEL,,GEORGE DICKEL,,GEORGE DICKEL,1,2007-08-02,2007-08-02,STRAIGHT BOURBON WHISKY,
P000015,DSP-MA-18,BACCHU DISCOUNT LIQUOR,,BACCHUS DISCOUNT LIQUORS,,BACCHU DISCOUNT LIQUOR,1,2000-03-17,2000-03-17,STRAIGHT BOURBON WHISKY,
P000016,DSP-KY-113,OLD CHARTER,,OLD CHARTER,,OLD CHARTER,13,2000-03-20,2000-04-05,STRAIGHT BOURBON WHISKY,
P000017,DSP-IN-26,I W HARPER,,I.W. HARPER,,I W HARPER,1,2007-08-02,2007-08-02,STRAIGHT BOURBON WHISKY,
P000018,DSP-KY-14,JIM BEAM,,JIM BEAM,,JIM BEAM,2,2000-03-28,2000-03-28,STRAIGHT BOURBON WHISKY,
P000019,DSP-KY-113,SAZERAC,,SAZERAC,,SAZERAC,2,2000-03-27,2000-05-09,STRAIGHT BOURBON WHISKY,
P000020,DSP-KY-113,ANCIENT AGE,,ANCIENT AGE,,ANCIENT AGE,1,2000-04-05,2000-04-05,STRAIGHT BOURBON WHISKY,
P000021,DSP-KY-113,EAGLE RARE 101 PROOF,,"EAGLE RARE, 101 PF",,EAGLE RARE 101 PROOF,1,2000-04-03,2000-04-03,STRAIGHT BOURBON WHISKY,
P000022,DSP-OH-22,GB,,GB,,GB,2,2000-04-26,2000-04-27,BLENDED BOURBON WHISKY|BOURBON WHISKY BIB,
P000023,DSP-OH-22,KOPPER KETTLE,,KOPPER KETTLE,,KOPPER KETTLE,1,2000-04-26,2000-04-26,STRAIGHT BOURBON WHISKY,
P000024,DSP-OH-22,JUNCTION LIQUOR,,JUNCTION LIQUOR,,JUNCTION LIQUOR,1,2000-04-26,2000-04-26,BLENDED BOURBON WHISKY,
P000025,KY-I-344,MATTINGLY MOORE,,MATTINGLY & MOORE,,MATTINGLY MOORE,3,2000-05-02,2000-05-02,BLENDED BOURBON WHISKY,KY-I-344
P000026,DSP-KY-113,EAGLE RARE,,EAGLE RARE,,EAGLE RARE,2,2000-05-09,2000-05-09,STRAIGHT BOURBON WHISKY,
P000027,WI-P-4887,FRANCIE,,FRANCIES,,FRANCIE,1,2000-05-09,2000-05-09,STRAIGHT BOURBON WHISKY,WI-P-4887
P000028,DSP-KY-230,JIM BEAM,,JIM BEAM,,JIM BEAM,1,2000-05-11,2000-05-11,STRAIGHT BOURBON WHISKY,
P000029,DSP-OH-22,WHITE OAK,,WHITE OAKS,,WHITE OAK,2,2000-05-11,2000-05-11,BLENDED BOURBON WHISKY|STRAIGHT BOURBON WHISKY,
P000030,DSP-OH-22,LEATHER STALLION SALOON,,LEATHER STALLION SALOON,,LEATHER STALLION SALOON,3,2000-05-11,2000-05-12,BLENDED BOURBON WHISKY|STRAIGHT BOURBON WHISKY,
P000031,DSP-OH-22,HANNA RESTAURANT,,HANNA'S RESTAURANT,,HANNA RESTAURANT,2,2000-05-12,2000-05-12,BLENDED BOURBON WHISKY|STRAIGHT BOURBON WHISKY,
P000032,DSP-MA-18,WAREHOUSE,,WAREHOUSE,,WAREHOUSE,1,2000-05-16,2000-05-16,STRAIGHT BOURBON WHISKY,
P000033,DSP-MA-18,USA,,USA,,USA,1,2000-05-16,2000-05-16,STRAIGHT BOURBON WHISKY,
P000034,DSP-KY-78,OLDE ST NICK,,OLDE ST. NICK,,OLDE ST NICK,1,2000-05-22,2000-05-22,STRAIGHT BOURBON WHISKY,
P000035,KY-I-344,EVAN WILLIAM,GREEN,EVAN WILLIAMS,GREEN,EVAN WILLIAM GREEN,2,2000-05-22,2000-05-22,STRAIGHT BOURBON WHISKY,KY-I-344
P000036,DSP-MD-03,BULLEIT,,BULLEIT BOURBON,,BULLEIT,2,2000-06-07,2000-07-11,STRAIGHT BOURBON WHISKY|STRAIGHT BOURBON WHISKY BLENDS,
P000037,DSP-MO-5,MCCORMICK,,MCCORMICK,,MCCORMICK,5,2000-05-17,2000-05-17,STRAIGHT BOURBON WHISKY,
P000038,DSP-KY-113,ELMER T LEE,,ELMER T. LEE,,ELMER T LEE,1,2000-05-25,2000-05-25,STRAIGHT BOURBON WHISKY,
P000039,KY-I-344,EVAN WILLIAM,BLACK,EVAN WILLIAMS,BLACK LABEL,EVAN WILLIAM BLACK,5,2000-05-30,2000-05-30,STRAIGHT BOURBON WHISKY,KY-I-344
P000040,DSP-KY-67,WILD TURKEY,RUSSELL RESERVE,WILD TURKEY,RUSSELL'S RESERVE,WILD TURKEY RUSSELL RESERVE,1,2000-05-30,2000-05-30,STRAIGHT BOURBON WHISKY,
P000041,WI-P-4887,COUNTY MARKET,,COUNTY MARKET,,COUNTY MARKET,1,2000-06-14,2000-06-14,STRAIGHT BOURBON WHISKY,WI-P-4887
P000042,DSP-KY-14,COLONEL,,KENTUCKY COLONEL,,COLONEL,1,2000-06-14,2000-06-14,STRAIGHT BOURBON WHISKY,
P000043,KY-DRB-10,EARLY TIME,,EARLY TIMES,,EARLY TIME,1,2000-06-20,2000-06-20,BOURBON WHISKY,KY-DRB-10
P000044,DSP-MO-16,ELIJAH CRAIG,,ELIJAH CRAIG,,ELIJAH CRAIG,1,2000-06-20,2000-06-20,STRAIGHT BOURBON WHISKY,
P000045,DSP-CA-131,DIAMOND,,DIAMOND,,DIAMOND,1,2000-06-21,2000-06-21,STRAIGHT BOURBON WHISKY,
P000046,WI-P-4887,OLD DAWSON HOOTLH,,OLD DAWSON HOOTLH,,OLD DAWSON HOOTLH,1,2000-06-22,2000-06-22,STRAIGHT BOURBON WHISKY,WI-P-4887
P000047,WI-P-4887,FLANAGAN,,FLANAGAN'S,,FLANAGAN,1,2000-06-22,2000-06-22,STRAIGHT BOURBON WHISKY,WI-P-4887
P000048,WI-P-4887,ON BORDER,,ON THE BORDER,,ON BORDER,1,2000-07-07,2000-07-07,STRAIGHT BOURBON WHISKY,WI-P-4887
P000049,DSP-CA-131,AMBER,,AMBER DISTILLED PRODUCTS,,AMBER,1,2000-07-11,2000-07-11,STRAIGHT BOURBON WHISKY BLENDS,
P000050,DSP-KY-113,BLANTON,SPECIAL RESERVE,BLANTON BOURBON,SPECIAL RESERVE,BLANTON SPECIAL RESERVE,2,2000-07-17,2000-07-17,STRAIGHT BOURBON WHISKY BLENDS,
P000051,DSP-KY-113,BLANTON,SILVER EDITION,BLANTON BOURBON,SILVER EDITION,BLANTON SILVER EDITION,1,2000-07-17,2000-07-17,STRAIGHT BOURBON WHISKY BLENDS,
