id,product_id,permit_no,brand_name,fanciful_name,completed_date
12000000046,P000001,DSP-KY-113,KENTUCKY DALE,,1/12/2000
12000000047,P000001,DSP-KY-113,KENTUCKY DALE,,1/12/2000
12000000048,P000001,DSP-KY-113,KENTUCKY DALE,,1/12/2000
12000000049,P000001,DSP-KY-113,KENTUCKY DALE,,1/12/2000
12000000050,P000001,DSP-KY-113,KENTUCKY DALE,,1/12/2000
27000000145,P000002,KY-I-344,OLD FITZGERALD,VERY SPECIAL,1/28/2000
27000000167,P000003,DSP-MO-16,REBEL YELL,,2/3/2000
33000000016,P000004,DSP-OH-22,PARAMOUNT KENTUCKY DELUXE,,2/4/2000
33000000017,P000004,DSP-OH-22,PARAMOUNT KENTUCKY DELUXE,,2/4/2000
33000000018,P000005,DSP-OH-22,PARAMOUNT KENTUCKY VELVET,,2/4/2000
34000000012,P000006,DSP-KY-24,VERY OLD BARTON,,2/9/2000
34000000013,P000006,DSP-KY-24,VERY OLD BARTON,,2/9/2000
35000000142,P000007,DSP-MO-16,EZRA B.,,2/4/2000
38000000062,P000008,DSP-KY-230,KNOB CREEK,,2/8/2000
39000000051,P000009,DSP-KY-52,LABROT & GRAHAM,WOODFORD RESERVE,3/1/2000
42000000130,P000002,KY-I-344,OLD FITZGERALD,VERY SPECIAL,2/15/2000
45000000086,P000010,DSP-KY-14,CALVERT EXTRA,,2/23/2000
46000000160,P000011,DSP-KY-14,OLD GRAND-DAD,,2/18/2000
46000000161,P000011,DSP-KY-14,OLD GRAND-DAD,,2/18/2000
63000000052,P000012,DSP-KY-113,BENCHMARK,,3/6/2000
63000000053,P000012,DSP-KY-113,BENCHMARK,,3/6/2000
63000000054,P000012,DSP-KY-113,BENCHMARK,,3/6/2000
63000000055,P000013,DSP-KY-113,W. L. WELLER,,3/6/2000
66000000083,P000014,DSP-IN-26,GEORGE DICKEL,,8/2/2007
74003000007,P000015,DSP-MA-18,BACCHUS DISCOUNT LIQUORS,,3/17/2000
76000000057,P000013,DSP-KY-113,W. L. WELLER,,3/20/2000
76000000058,P000016,DSP-KY-113,OLD CHARTER,,3/20/2000
76000000187,P000017,DSP-IN-26,I.W. HARPER,,8/2/2007
83000000098,P000010,DSP-KY-14,CALVERT EXTRA,,3/28/2000
83000000100,P000018,DSP-KY-14,JIM BEAM,,3/28/2000
84000000045,P000019,DSP-KY-113,SAZERAC,,3/27/2000
84000000123,P000018,DSP-KY-14,JIM BEAM,,3/28/2000
88000000105,P000016,DSP-KY-113,OLD CHARTER,,3/30/2000
88000000106,P000016,DSP-KY-113,OLD CHARTER,,3/30/2000
88000000107,P000016,DSP-KY-113,OLD CHARTER,,3/30/2000
88000000108,P000016,DSP-KY-113,OLD CHARTER,,3/30/2000
88000000109,P000016,DSP-KY-113,OLD CHARTER,,3/30/2000
88000000110,P000016,DSP-KY-113,OLD CHARTER,,3/30/2000
88000000111,P000016,DSP-KY-113,OLD CHARTER,,3/30/2000
88000000112,P000016,DSP-KY-113,OLD CHARTER,,3/30/2000
88000000113,P000016,DSP-KY-113,OLD CHARTER,,3/30/2000
88000000114,P000016,DSP-KY-113,OLD CHARTER,,3/30/2000
88000000115,P000016,DSP-KY-113,OLD CHARTER,,3/30/2000
94000000058,P000020,DSP-KY-113,ANCIENT AGE,,4/5/2000
94000000059,P000021,DSP-KY-113,"EAGLE RARE, 101 PF",,4/3/2000
94000000060,P000016,DSP-KY-113,OLD CHARTER,,4/5/2000
1.10E+11,P000022,DSP-OH-22,GB,,4/26/2000
1.10E+11,P000023,DSP-OH-22,KOPPER KETTLE,,4/26/2000
1.10E+11,P000024,DSP-OH-22,JUNCTION LIQUOR,,4/26/2000
1.10E+11,P000022,DSP-OH-22,GB,,4/27/2000
1.17E+11,P000025,KY-I-344,MATTINGLY & MOORE,,5/2/2000
1.17E+11,P000025,KY-I-344,MATTINGLY & MOORE,,5/2/2000
1.17E+11,P000025,KY-I-344,MATTINGLY & MOORE,,5/2/2000
1.25E+11,P000026,DSP-KY-113,EAGLE RARE,,5/9/2000
1.25E+11,P000019,DSP-KY-113,SAZERAC,,5/9/2000
1.25E+11,P000013,DSP-KY-113,W. L. WELLER,,5/9/2000
1.25E+11,P000026,DSP-KY-113,EAGLE RARE,,5/9/2000
1.25E+11,P000027,WI-P-4887,FRANCIES,,5/9/2000
1.26E+11,P000028,DSP-KY-230,JIM BEAM,,5/11/2000
1.29E+11,P000029,DSP-OH-22,WHITE OAKS,,5/11/2000
1.29E+11,P000029,DSP-OH-22,WHITE OAKS,,5/11/2000
1.29E+11,P000030,DSP-OH-22,LEATHER STALLION SALOON,,5/11/2000
1.29E+11,P000030,DSP-OH-22,LEATHER STALLION SALOON,,5/11/2000
1.29E+11,P000030,DSP-OH-22,LEATHER STALLION SALOON,,5/12/2000
1.29E+11,P000031,DSP-OH-22,HANNA'S RESTAURANT,,5/12/2000
1.29E+11,P000031,DSP-OH-22,HANNA'S RESTAURANT,,5/12/2000
1.30E+11,P000032,DSP-MA-18,WAREHOUSE,,5/16/2000
1.30E+11,P000033,DSP-MA-18,USA,,5/16/2000
1.32E+11,P000034,DSP-KY-78,OLDE ST. NICK,,5/22/2000
1.32E+11,P000035,KY-I-344,EVAN WILLIAMS,GREEN,5/22/2000
1.32E+11,P000035,KY-I-344,EVAN WILLIAMS,GREEN,5/22/2000
1.33E+11,P000036,DSP-MD-03,BULLEIT BOURBON,,6/7/2000
1.36E+11,P000037,DSP-MO-5,MCCORMICK,,5/17/2000
1.36E+11,P000037,DSP-MO-5,MCCORMICK,,5/17/2000
1.36E+11,P000037,DSP-MO-5,MCCORMICK,,5/17/2000
1.36E+11,P000037,DSP-MO-5,MCCORMICK,,5/17/2000
1.36E+11,P000037,DSP-MO-5,MCCORMICK,,5/17/2000
1.39E+11,P000038,DSP-KY-113,ELMER T. LEE,,5/25/2000
1.40E+11,P000007,DSP-MO-16,EZRA B,,5/25/2000
1.45E+11,P000039,KY-I-344,EVAN WILLIAMS,BLACK LABEL,5/30/2000
1.45E+11,P000039,KY-I-344,EVAN WILLIAMS,BLACK LABEL,5/30/2000
1.45E+11,P000039,KY-I-344,EVAN WILLIAMS,BLACK LABEL,5/30/2000
1.45E+11,P000039,KY-I-344,EVAN WILLIAMS,BLACK LABEL,5/30/2000
1.45E+11,P000039,KY-I-344,EVAN WILLIAMS,BLACK LABEL,5/30/2000
1.45E+11,P000040,DSP-KY-67,WILD TURKEY,RUSSELL'S RESERVE,5/30/2000
1.57E+11,P000041,WI-P-4887,COUNTY MARKET,,6/14/2000
1.60E+11,P000042,DSP-KY-14,KENTUCKY COLONEL,,6/14/2000
1.66E+11,P000043,KY-DRB-10,EARLY TIMES,,6/20/2000
1.67E+11,P000013,DSP-KY-113,W. L. WELLER,,6/20/2000
1.67E+11,P000013,DSP-KY-113,W. L. WELLER,,6/20/2000
1.67E+11,P000044,DSP-MO-16,ELIJAH CRAIG,,6/20/2000
1.68E+11,P000045,DSP-CA-131,DIAMOND,,6/21/2000
1.71E+11,P000046,WI-P-4887,OLD DAWSON HOOTLH,,6/22/2000
1.71E+11,P000047,WI-P-4887,FLANAGAN'S,,6/22/2000
1.78E+11,P000048,WI-P-4887,ON THE BORDER,,7/7/2000
1.82E+11,P000049,DSP-CA-131,AMBER DISTILLED PRODUCTS,,7/11/2000
1.82E+11,P000050,DSP-KY-113,BLANTON BOURBON,SPECIAL RESERVE,7/17/2000
1.82E+11,P000050,DSP-KY-113,BLANTON BOURBON,SPECIAL RESERVE,7/17/2000
1.82E+11,P000051,DSP-KY-113,BLANTON BOURBON,SILVER EDITION,7/17/2000
1.85E+11,P000036,DSP-MD-03,BULLEIT BOURBON,,7/11/2000
