id,product_id,permit_no,brand_name,fanciful_name,completed_date,approval,approval_month
27000000167.0,P000003,DSP-MO-16,REBEL YELL,,2/3/2000,2000-02-03,2000-02
38000000062.0,P000008,DSP-KY-230,KNOB CREEK,,2/8/2000,2000-02-08,2000-02
39000000051.0,P000009,DSP-KY-52,LABROT & GRAHAM,WOODFORD RESERVE,3/1/2000,2000-03-01,2000-03
83000000100.0,P000018,DSP-KY-14,JIM BEAM,,3/28/2000,2000-03-28,2000-03
84000000123.0,P000018,DSP-KY-14,JIM BEAM,,3/28/2000,2000-03-28,2000-03
94000000058.0,P000020,DSP-KY-113,ANCIENT AGE,,4/5/2000,2000-04-05,2000-04
117000000000.0,P000025,KY-I-344,MATTINGLY & MOORE,,5/2/2000,2000-05-02,2000-05
117000000000.0,P000025,KY-I-344,MATTINGLY & MOORE,,5/2/2000,2000-05-02,2000-05
117000000000.0,P000025,KY-I-344,MATTINGLY & MOORE,,5/2/2000,2000-05-02,2000-05
125000000000.0,P000026,DSP-KY-113,EAGLE RARE,,5/9/2000,2000-05-09,2000-05
125000000000.0,P000026,DSP-KY-113,EAGLE RARE,,5/9/2000,2000-05-09,2000-05
126000000000.0,P000028,DSP-KY-230,JIM BEAM,,5/11/2000,2000-05-11,2000-05
132000000000.0,P000035,KY-I-344,EVAN WILLIAMS,GREEN,5/22/2000,2000-05-22,2000-05
132000000000.0,P000035,KY-I-344,EVAN WILLIAMS,GREEN,5/22/2000,2000-05-22,2000-05
133000000000.0,P000036,DSP-MD-03,BULLEIT BOURBON,,6/7/2000,2000-06-07,2000-06
145000000000.0,P000039,KY-I-344,EVAN WILLIAMS,BLACK LABEL,5/30/2000,2000-05-30,2000-05
145000000000.0,P000039,KY-I-344,EVAN WILLIAMS,BLACK LABEL,5/30/2000,2000-05-30,2000-05
145000000000.0,P000039,KY-I-344,EVAN WILLIAMS,BLACK LABEL,5/30/2000,2000-05-30,2000-05
145000000000.0,P000039,KY-I-344,EVAN WILLIAMS,BLACK LABEL,5/30/2000,2000-05-30,2000-05
145000000000.0,P000039,KY-I-344,EVAN WILLIAMS,BLACK LABEL,5/30/2000,2000-05-30,2000-05
185000000000.0,P000036,DSP-MD-03,BULLEIT BOURBON,,7/11/2000,2000-07-11,2000-07
