product_id,permit_no,brand_name,fanciful_name,prod_norm,n_colas,item_number,item_description,vendor_name,total_bottles,first_month,last_month,score,brand_cov,fanciful_cov,extras,gate,status,note
P000001,DSP-KY-113,KENTUCKY DALE,,DALE,5,922399,BODALEN BOURBON,"FAR NORTH SPIRITS, INC.",60,2023-04,2025-08,72.7,0.0,1.0,BODALEN,fallback,reject,
P000001,DSP-KY-113,KENTUCKY DALE,,DALE,5,17672,DUKE KENTUCKY STRAIGHT BOURBON WHISKEY,PARK STREET IMPORTS,1680,2022-03,2025-08,50.0,0.0,1.0,DUKE,fallback,reject,
P000001,DSP-KY-113,KENTUCKY DALE,,DALE,5,17670,DUKE BOURBON WHISKEY,PARK STREET IMPORTS-DUKE SPIRITS,570,2015-10,2016-02,50.0,0.0,1.0,DUKE,fallback,reject,
P000001,DSP-KY-113,KENTUCKY DALE,,DALE,5,17669,DUKE,PARK STREET IMPORTS,518,2016-05,2016-12,50.0,0.0,1.0,DUKE,fallback,reject,
P000001,DSP-KY-113,KENTUCKY DALE,,DALE,5,917669,DUKE BOURBON WHISKEY,PARK STREET IMPORTS,234,2017-07,2020-08,50.0,0.0,1.0,DUKE,fallback,reject,
P000001,DSP-KY-113,KENTUCKY DALE,,DALE,5,927952,STRAIGHT EDGE BOURBON WHISKEY,"SPLINTER GROUP NAPA, LLC",30,2021-01,2021-09,50.0,0.0,1.0,EDGE,fallback,reject,
P000001,DSP-KY-113,KENTUCKY DALE,,DALE,5,17766,EAGLE RARE,SAZERAC COMPANY  INC,79301,2012-01,2026-04,42.9,0.0,1.0,EAGLE RARE,vendor,reject,
P000001,DSP-KY-113,KENTUCKY DALE,,DALE,5,20536,KENTUCKY TAVERN BOURBON,SAZERAC COMPANY  INC,14579,2016-08,2025-12,40.0,0.0,1.0,TAVERN,vendor,reject,
P000001,DSP-KY-113,KENTUCKY DALE,,DALE,5,903635,KENTUCKY TAVERN BOURBON,SAZERAC NORTH AMERICA,936,2013-10,2016-04,40.0,0.0,1.0,TAVERN,vendor,reject,
P000001,DSP-KY-113,KENTUCKY DALE,,DALE,5,917644,DEVILS RIVER BOURBON,SAZERAC COMPANY  INC,24,2022-06,2024-08,40.0,0.0,1.0,DEVIL RIVER,vendor,reject,
P000001,DSP-KY-113,KENTUCKY DALE,,DALE,5,18006,BUFFALO TRACE BOURBON,SAZERAC COMPANY  INC,447772,2012-01,2026-04,35.3,0.0,1.0,BUFFALO TRACE,vendor,reject,
P000001,DSP-KY-113,KENTUCKY DALE,,DALE,5,922036,HA WELLER ANTIQUE BOURBON,SAZERAC COMPANY  INC,466,2016-12,2018-09,33.3,0.0,1.0,WELLER ANTIQUE,vendor,reject,
P000002,KY-I-344,OLD FITZGERALD,VERY SPECIAL,OLD FITZGERALD VERY SPECIAL,2,902900,OLD FITZGERALD 12YR VERY SPECIAL(DNO),HEAVEN HILL BRANDS,66,2012-06,2013-07,100.0,1.0,1.0,12YR,vendor,review,age/proof/year on item: 12YR
P000002,KY-I-344,OLD FITZGERALD,VERY SPECIAL,OLD FITZGERALD VERY SPECIAL,2,902900,OLD FITZGERALD 12YR VERY SPECIAL(DNO),HEAVEN HILL BRANDS,66,2012-06,2013-07,100.0,1.0,1.0,12YR,fallback,review,age/proof/year on item: 12YR
P000002,KY-I-344,OLD FITZGERALD,VERY SPECIAL,OLD FITZGERALD VERY SPECIAL,2,16381,OLD FITZGERALD 8 YR BIB DECANTER,HEAVEN HILL BRANDS,82,2024-01,2024-02,76.4,1.0,0.0,8 YR DECANTER,vendor,review,fanciful or number not found
P000002,KY-I-344,OLD FITZGERALD,VERY SPECIAL,OLD FITZGERALD VERY SPECIAL,2,16381,OLD FITZGERALD 8 YR BIB DECANTER,HEAVEN HILL BRANDS,82,2024-01,2024-02,76.4,1.0,0.0,8 YR DECANTER,fallback,review,fanciful or number not found
P000002,KY-I-344,OLD FITZGERALD,VERY SPECIAL,OLD FITZGERALD VERY SPECIAL,2,16380,OLD FITZGERALD BIB 10 YR DECANTER,HEAVEN HILL BRANDS,113,2023-08,2023-08,75.0,1.0,0.0,10 YR DECANTER,vendor,review,fanciful or number not found
P000002,KY-I-344,OLD FITZGERALD,VERY SPECIAL,OLD FITZGERALD VERY SPECIAL,2,16380,OLD FITZGERALD BIB 10 YR DECANTER,HEAVEN HILL BRANDS,113,2023-08,2023-08,75.0,1.0,0.0,10 YR DECANTER,fallback,review,fanciful or number not found
P000002,KY-I-344,OLD FITZGERALD,VERY SPECIAL,OLD FITZGERALD VERY SPECIAL,2,916377,HA OLD FITZGERALD 17 YR BIB DECANTER,HEAVEN HILL BRANDS,72,2022-04,2022-09,75.0,1.0,0.0,17 YR DECANTER,vendor,review,fanciful or number not found
P000002,KY-I-344,OLD FITZGERALD,VERY SPECIAL,OLD FITZGERALD VERY SPECIAL,2,916377,HA OLD FITZGERALD 17 YR BIB DECANTER,HEAVEN HILL BRANDS,72,2022-04,2022-09,75.0,1.0,0.0,17 YR DECANTER,fallback,review,fanciful or number not found
P000002,KY-I-344,OLD FITZGERALD,VERY SPECIAL,OLD FITZGERALD VERY SPECIAL,2,16382,OLD FITZGERALD  10 YR  DECANTER,HEAVEN HILL BRANDS,65,2024-07,2024-07,75.0,1.0,0.0,10 YR DECANTER,vendor,review,fanciful or number not found
P000002,KY-I-344,OLD FITZGERALD,VERY SPECIAL,OLD FITZGERALD VERY SPECIAL,2,16382,OLD FITZGERALD  10 YR  DECANTER,HEAVEN HILL BRANDS,65,2024-07,2024-07,75.0,1.0,0.0,10 YR DECANTER,fallback,review,fanciful or number not found
P000002,KY-I-344,OLD FITZGERALD,VERY SPECIAL,OLD FITZGERALD VERY SPECIAL,2,916379,HA OLD FITZGERALD 19YR DECANTER,HEAVEN HILL BRANDS,48,2023-01,2023-01,72.7,1.0,0.0,19YR DECANTER,vendor,review,fanciful or number not found
P000002,KY-I-344,OLD FITZGERALD,VERY SPECIAL,OLD FITZGERALD VERY SPECIAL,2,916379,HA OLD FITZGERALD 19YR DECANTER,HEAVEN HILL BRANDS,48,2023-01,2023-01,72.7,1.0,0.0,19YR DECANTER,fallback,review,fanciful or number not found
P000003,DSP-MO-16,REBEL YELL,,REBEL YELL,1,903757,REBEL YELL BOURBON,LUXCO-ST LOUIS,204,2012-02,2013-03,100.0,1.0,1.0,,vendor,accept,exact
P000003,DSP-MO-16,REBEL YELL,,REBEL YELL,1,21210,REBEL YELL SMALL BATCH RESERVE,LUXCO-ST LOUIS,2747,2012-06,2026-04,100.0,1.0,1.0,SMALL BATCH RESERVE,vendor,review,extra words: SMALL BATCH RESERVE
P000003,DSP-MO-16,REBEL YELL,,REBEL YELL,1,25496,REBEL YELL AMERICAN WHISKEY,LUXCO INC,802,2016-02,2018-04,100.0,1.0,1.0,AMERICAN,vendor,review,extra words: AMERICAN
P000003,DSP-MO-16,REBEL YELL,,REBEL YELL,1,921212,HA REBEL YELL 10YR SINGLE BARREL,LUXCO INC,258,2016-11,2019-04,100.0,1.0,1.0,10YR SINGLE BARREL,vendor,review,extra words: SINGLE BARREL
P000003,DSP-MO-16,REBEL YELL,,REBEL YELL,1,27098,REBEL YELL SMALL BATCH RYE,LUXCO-ST LOUIS,234,2016-03,2016-08,100.0,1.0,1.0,SMALL BATCH RYE,vendor,review,extra words: SMALL BATCH RYE
P000003,DSP-MO-16,REBEL YELL,,REBEL YELL,1,921206,LIMITED EDITION REBEL YELL STRAIGHT KENTUCKY BOURBON,LUXCO-ST LOUIS,180,2016-08,2016-12,100.0,1.0,1.0,LIMITED EDITION,vendor,review,extra words: LIMITED EDITION
P000004,DSP-OH-22,PARAMOUNT KENTUCKY DELUXE,,PARAMOUNT DELUXE,2,916426,CALUMET FARM BOTTLED IN BOND BOURBON,WESTERN SPIRITS BEVERAGE,24,2025-04,2025-09,51.6,0.0,1.0,CALUMET FARM IN,none,reject,
P000004,DSP-OH-22,PARAMOUNT KENTUCKY DELUXE,,PARAMOUNT DELUXE,2,17176,CALUMET FARM BOURBON,WESTERN SPIRITS BEVERAGE CO. LLC,225,2015-03,2016-01,50.0,0.0,1.0,CALUMET FARM,none,reject,
P000004,DSP-OH-22,PARAMOUNT KENTUCKY DELUXE,,PARAMOUNT DELUXE,2,917176,SOOH CALUMET FARM BOURBON,WESTERN SPIRITS BEVERAGE,3932,2016-05,2024-12,48.5,0.0,1.0,SOOH CALUMET FARM,none,reject,
P000004,DSP-OH-22,PARAMOUNT KENTUCKY DELUXE,,PARAMOUNT DELUXE,2,17766,EAGLE RARE,SAZERAC COMPANY  INC,79301,2012-01,2026-04,46.2,0.0,1.0,EAGLE RARE,none,reject,
P000004,DSP-OH-22,PARAMOUNT KENTUCKY DELUXE,,PARAMOUNT DELUXE,2,16870,BLUE STATE BOURBON,HEAVEN HILL BRANDS,221,2012-01,2012-11,46.2,0.0,1.0,BLUE STATE,none,reject,
P000004,DSP-OH-22,PARAMOUNT KENTUCKY DELUXE,,PARAMOUNT DELUXE,2,926464,SOOH STRANAHANS BLUE PEAK,PROXIMO,1371,2022-02,2026-04,45.0,0.0,1.0,SOOH STRANAHAN BLUE PEAK,none,reject,
P000005,DSP-OH-22,PARAMOUNT KENTUCKY VELVET,,PARAMOUNT VELVET,1,928064,GRAND TETON CATAMOUNT STRAIGHT BOURBON WHISKEY,GRAND TETON DISTILLERY,6,2021-06,2021-06,54.1,0.0,1.0,GRAND TETON CATAMOUNT,none,reject,
P000005,DSP-OH-22,PARAMOUNT KENTUCKY VELVET,,PARAMOUNT VELVET,1,21836,VERY OLD BARTON BOURBON 90PF,SAZERAC COMPANY  INC,1776,2024-03,2026-04,50.0,0.0,1.0,VERY OLD BARTON 90PF,none,reject,
P000005,DSP-OH-22,PARAMOUNT KENTUCKY VELVET,,PARAMOUNT VELVET,1,17630,DAVIESS COUNTY KENTUCKY STRAIGHT BOURBON WHISKEY,LUXCO INC,541,2020-03,2021-07,46.7,0.0,1.0,DAVIESS COUNTY,none,reject,
P000005,DSP-OH-22,PARAMOUNT KENTUCKY VELVET,,PARAMOUNT VELVET,1,922036,HA WELLER ANTIQUE BOURBON,SAZERAC COMPANY  INC,466,2016-12,2018-09,46.7,0.0,1.0,WELLER ANTIQUE,none,reject,
P000005,DSP-OH-22,PARAMOUNT KENTUCKY VELVET,,PARAMOUNT VELVET,1,917630,DAVIESS COUNTY STRAIGHT BOURBON WHISKEY,LUXCO INC,6,2023-05,2023-05,46.7,0.0,1.0,DAVIESS COUNTY,none,reject,
P000005,DSP-OH-22,PARAMOUNT KENTUCKY VELVET,,PARAMOUNT VELVET,1,25496,REBEL YELL AMERICAN WHISKEY,LUXCO INC,802,2016-02,2018-04,45.7,0.0,1.0,REBEL YELL AMERICAN,none,reject,
P000006,DSP-KY-24,VERY OLD BARTON,,VERY OLD BARTON,2,21806,VERY OLD BARTON 6YR 100PRF,SAZERAC COMPANY  INC,11073,2023-04,2026-04,100.0,1.0,1.0,6YR 100PRF,vendor,review,age/proof/year on item: 6YR 100PRF
P000006,DSP-KY-24,VERY OLD BARTON,,VERY OLD BARTON,2,21806,VERY OLD BARTON 6YR 100PRF,SAZERAC COMPANY  INC,11073,2023-04,2026-04,100.0,1.0,1.0,6YR 100PRF,fallback,review,age/proof/year on item: 6YR 100PRF
P000006,DSP-KY-24,VERY OLD BARTON,,VERY OLD BARTON,2,21876,VERY OLD BARTON BOURBON CRAFTED 86PRF,SAZERAC COMPANY  INC,4429,2023-06,2026-01,100.0,1.0,1.0,CRAFTED 86PRF,vendor,review,extra words: CRAFTED
P000006,DSP-KY-24,VERY OLD BARTON,,VERY OLD BARTON,2,21876,VERY OLD BARTON BOURBON CRAFTED 86PRF,SAZERAC COMPANY  INC,4429,2023-06,2026-01,100.0,1.0,1.0,CRAFTED 86PRF,fallback,review,extra words: CRAFTED
P000006,DSP-KY-24,VERY OLD BARTON,,VERY OLD BARTON,2,21836,VERY OLD BARTON BOURBON 90PF,SAZERAC COMPANY  INC,1776,2024-03,2026-04,100.0,1.0,1.0,90PF,vendor,review,age/proof/year on item: 90PF
P000006,DSP-KY-24,VERY OLD BARTON,,VERY OLD BARTON,2,21836,VERY OLD BARTON BOURBON 90PF,SAZERAC COMPANY  INC,1776,2024-03,2026-04,100.0,1.0,1.0,90PF,fallback,review,age/proof/year on item: 90PF
P000006,DSP-KY-24,VERY OLD BARTON,,VERY OLD BARTON,2,921806,HA VERY OLD BARTON 6YR,SAZERAC NORTH AMERICA,487,2017-05,2022-02,100.0,1.0,1.0,6YR,vendor,review,age/proof/year on item: 6YR
P000006,DSP-KY-24,VERY OLD BARTON,,VERY OLD BARTON,2,921806,HA VERY OLD BARTON 6YR,SAZERAC NORTH AMERICA,487,2017-05,2022-02,100.0,1.0,1.0,6YR,fallback,review,age/proof/year on item: 6YR
P000006,DSP-KY-24,VERY OLD BARTON,,VERY OLD BARTON,2,921796,VERY OLD BARTON 4YR,SAZERAC NORTH AMERICA,456,2015-09,2019-01,100.0,1.0,1.0,4YR,vendor,review,age/proof/year on item: 4YR
P000006,DSP-KY-24,VERY OLD BARTON,,VERY OLD BARTON,2,921796,VERY OLD BARTON 4YR,SAZERAC NORTH AMERICA,456,2015-09,2019-01,100.0,1.0,1.0,4YR,fallback,review,age/proof/year on item: 4YR
P000006,DSP-KY-24,VERY OLD BARTON,,VERY OLD BARTON,2,21796,VERY OLD BARTON BOURBON CRAFTED 80PRF,SAZERAC COMPANY  INC,406,2023-03,2024-08,100.0,1.0,1.0,CRAFTED 80PRF,vendor,review,extra words: CRAFTED
P000006,DSP-KY-24,VERY OLD BARTON,,VERY OLD BARTON,2,21796,VERY OLD BARTON BOURBON CRAFTED 80PRF,SAZERAC COMPANY  INC,406,2023-03,2024-08,100.0,1.0,1.0,CRAFTED 80PRF,fallback,review,extra words: CRAFTED
P000007,DSP-MO-16,EZRA B.,,EZRA B,2,18196,EZRA BROOKS 50 MO KY SOUR MASH BOURBON,LUXCO-ST LOUIS,110957,2012-01,2026-04,80.0,0.5,1.0,BROOK 50,vendor,reject,
P000007,DSP-MO-16,EZRA B.,,EZRA B,2,18196,EZRA BROOKS 50 MO KY SOUR MASH BOURBON,LUXCO-ST LOUIS,110957,2012-01,2026-04,80.0,0.5,1.0,BROOK 50,fallback,reject,
P000007,DSP-MO-16,EZRA B.,,EZRA B,2,18201,EZRA BROOKS 99PR BOURBON,LUXCO INC,12878,2021-01,2026-04,80.0,0.5,1.0,BROOK 99PR,vendor,reject,
P000007,DSP-MO-16,EZRA B.,,EZRA B,2,18201,EZRA BROOKS 99PR BOURBON,LUXCO INC,12878,2021-01,2026-04,80.0,0.5,1.0,BROOK 99PR,fallback,reject,
P000007,DSP-MO-16,EZRA B.,,EZRA B,2,918217,EZRA BROOKS DISTILLERS COLLECTION BUY THE BARREL,LUXCO INC,2490,2020-09,2023-11,80.0,0.5,1.0,BROOK COLLECTION BUY BARREL,vendor,reject,
P000007,DSP-MO-16,EZRA B.,,EZRA B,2,918217,EZRA BROOKS DISTILLERS COLLECTION BUY THE BARREL,LUXCO INC,2490,2020-09,2023-11,80.0,0.5,1.0,BROOK COLLECTION BUY BARREL,fallback,reject,
P000007,DSP-MO-16,EZRA B.,,EZRA B,2,918202,EZRA BROOKS CASK STRENGTH BUY THE BARREL,LUXCO INC,2076,2021-11,2023-11,80.0,0.5,1.0,BROOK CASK STRENGTH BUY BARREL,vendor,reject,
P000007,DSP-MO-16,EZRA B.,,EZRA B,2,918202,EZRA BROOKS CASK STRENGTH BUY THE BARREL,LUXCO INC,2076,2021-11,2023-11,80.0,0.5,1.0,BROOK CASK STRENGTH BUY BARREL,fallback,reject,
P000007,DSP-MO-16,EZRA B.,,EZRA B,2,18199,EZRA BROOKS TRAVELER,LUXCO INC,903,2017-02,2019-02,80.0,0.5,1.0,BROOK TRAVELER,vendor,reject,
P000007,DSP-MO-16,EZRA B.,,EZRA B,2,18199,EZRA BROOKS TRAVELER,LUXCO INC,903,2017-02,2019-02,80.0,0.5,1.0,BROOK TRAVELER,fallback,reject,
P000007,DSP-MO-16,EZRA B.,,EZRA B,2,73743,EZRA BROOKS CINNAMON,LUXCO-ST LOUIS,716,2013-05,2014-07,80.0,0.5,1.0,BROOK CINNAMON,vendor,reject,
P000007,DSP-MO-16,EZRA B.,,EZRA B,2,73743,EZRA BROOKS CINNAMON,LUXCO-ST LOUIS,716,2013-05,2014-07,80.0,0.5,1.0,BROOK CINNAMON,fallback,reject,
P000008,DSP-KY-230,KNOB CREEK,,KNOB CREEK,1,19226,KNOB CREEK,JIM BEAM BRANDS,209865,2012-01,2026-04,100.0,1.0,1.0,,vendor,accept,exact
P000008,DSP-KY-230,KNOB CREEK,,KNOB CREEK,1,27604,KNOB CREEK SMOKED MAPLE,JIM BEAM BRANDS,26012,2013-10,2026-04,100.0,1.0,1.0,SMOKED MAPLE,vendor,review,extra words: SMOKED MAPLE
P000008,DSP-KY-230,KNOB CREEK,,KNOB CREEK,1,19235,KNOB CREEK SINGLE BARREL RESERVE,JIM BEAM BRANDS,15648,2012-01,2026-04,100.0,1.0,1.0,SINGLE BARREL RESERVE,vendor,review,extra words: SINGLE BARREL RESERVE
P000008,DSP-KY-230,KNOB CREEK,,KNOB CREEK,1,919236,KNOB CREEK SINGLE BARREL RESERVE,JIM BEAM BRANDS,13518,2015-12,2025-03,100.0,1.0,1.0,SINGLE BARREL RESERVE,vendor,review,extra words: SINGLE BARREL RESERVE
P000008,DSP-KY-230,KNOB CREEK,,KNOB CREEK,1,447,KNOB CREEK W/GLASSES,JIM BEAM BRANDS,2352,2020-10,2020-10,100.0,1.0,1.0,W GLASSE,vendor,review,extra words: W GLASSE
P000008,DSP-KY-230,KNOB CREEK,,KNOB CREEK,1,919220,KNOB CREEK LONGHORN LABEL,JIM BEAM BRANDS,1782,2021-04,2026-04,100.0,1.0,1.0,LONGHORN,vendor,review,extra words: LONGHORN
P000009,DSP-KY-52,LABROT & GRAHAM,WOODFORD RESERVE,LABROT GRAHAM WOODFORD RESERVE,1,22215,WOODFORD RESERVE,BROWN FORMAN CORP.,292763,2018-05,2026-04,100.0,0.0,1.0,,vendor,accept,exact
P000009,DSP-KY-52,LABROT & GRAHAM,WOODFORD RESERVE,LABROT GRAHAM WOODFORD RESERVE,1,22216,WOODFORD RESERVE BOURBON,BROWN-FORMAN CORPORATION,79395,2012-01,2018-06,100.0,0.0,1.0,,vendor,accept,exact
P000009,DSP-KY-52,LABROT & GRAHAM,WOODFORD RESERVE,LABROT GRAHAM WOODFORD RESERVE,1,922231,WOODFORD RESERVE MC STRAIGHT,BROWN-FORMAN CORPORATION,36,2013-12,2014-03,91.4,0.0,1.0,MC,vendor,review,extra words: MC
P000009,DSP-KY-52,LABROT & GRAHAM,WOODFORD RESERVE,LABROT GRAHAM WOODFORD RESERVE,1,22241,WOODFORD RESERVE STRAIGHT MALT,BROWN FORMAN CORP.,7352,2018-06,2026-04,86.5,0.0,1.0,MALT,vendor,review,extra words: MALT
P000009,DSP-KY-52,LABROT & GRAHAM,WOODFORD RESERVE,LABROT GRAHAM WOODFORD RESERVE,1,922257,HA WOODFORD RESERVE STRAIGHT WHEAT,BROWN FORMAN CORP.,168,2020-11,2026-03,84.2,0.0,1.0,WHEAT,vendor,review,extra words: WHEAT
P000009,DSP-KY-52,LABROT & GRAHAM,WOODFORD RESERVE,LABROT GRAHAM WOODFORD RESERVE,1,699,WOODFORD RESERVE W/GLASS,BROWN FORMAN CORP.,104,2019-09,2019-09,80.0,0.0,1.0,W GLASS,vendor,review,extra words: W GLASS
P000010,DSP-KY-14,CALVERT EXTRA,,CALVERT EXTRA,2,17176,CALUMET FARM BOURBON,WESTERN SPIRITS BEVERAGE CO. LLC,225,2015-03,2016-01,56.0,0.0,1.0,CALUMET FARM,fallback,reject,
P000010,DSP-KY-14,CALVERT EXTRA,,CALVERT EXTRA,2,18269,FIRST WEST BY 15 STARS EXTRA AGED,"15 STARS, LLC",266,2025-07,2026-04,55.6,0.5,1.0,FIRST WEST BY 15 STAR AGED,fallback,reject,
P000010,DSP-KY-14,CALVERT EXTRA,,CALVERT EXTRA,2,917259,CHARLES GOODNIGHT TEXAS STRAIGHT BOURBON,"FOLEY FAMILY WINES, INC.",12,2025-03,2025-05,52.9,0.0,1.0,CHARLE GOODNIGHT TEXA,fallback,reject,
P000010,DSP-KY-14,CALVERT EXTRA,,CALVERT EXTRA,2,926930,HA THE CLOVER STRAIGHT BOURBON,PIEDMONT DISTILLERS INC,180,2021-02,2023-04,52.6,0.0,1.0,CLOVER,fallback,reject,
P000010,DSP-KY-14,CALVERT EXTRA,,CALVERT EXTRA,2,17766,EAGLE RARE,SAZERAC COMPANY  INC,79301,2012-01,2026-04,52.2,0.0,1.0,EAGLE RARE,fallback,reject,
P000010,DSP-KY-14,CALVERT EXTRA,,CALVERT EXTRA,2,926929,HA THE CLOVER TN STRAIGHT 10YR BOURBON,PIEDMONT DISTILLERS INC,150,2021-07,2021-07,51.9,0.0,1.0,CLOVER TN 10YR,fallback,reject,
P000010,DSP-KY-14,CALVERT EXTRA,,CALVERT EXTRA,2,27783,JIM BEAM APPLE,JIM BEAM BRANDS,297772,2015-06,2026-04,44.4,0.0,1.0,JIM BEAM APPLE,vendor,reject,
P000010,DSP-KY-14,CALVERT EXTRA,,CALVERT EXTRA,2,19476,MAKERS MARK,JIM BEAM BRANDS,705270,2012-01,2026-04,43.5,0.0,1.0,MAKER MARK,vendor,reject,
P000010,DSP-KY-14,CALVERT EXTRA,,CALVERT EXTRA,2,86582,LEGENT,JIM BEAM BRANDS,7101,2021-01,2025-10,42.1,0.0,1.0,LEGENT,vendor,reject,
P000010,DSP-KY-14,CALVERT EXTRA,,CALVERT EXTRA,2,986582,LEGENT,JIM BEAM BRANDS,1848,2020-10,2025-12,42.1,0.0,1.0,LEGENT,vendor,reject,
P000010,DSP-KY-14,CALVERT EXTRA,,CALVERT EXTRA,2,20286,OLD CROW TRAVELER,JIM BEAM BRANDS,63551,2012-01,2026-04,40.0,0.0,1.0,OLD CROW TRAVELER,vendor,reject,
P000010,DSP-KY-14,CALVERT EXTRA,,CALVERT EXTRA,2,919487,HA MAKERS MARK CELLAR AGED,JIM BEAM BRANDS,258,2023-12,2025-10,40.0,0.0,1.0,MAKER MARK CELLAR AGED,vendor,reject,
P000011,DSP-KY-14,OLD GRAND-DAD,,OLD GRAND DAD,2,16416,OLD GRAND-DAD 100PRF BOND BOURBON 4YR,JIM BEAM BRANDS,40002,2012-01,2026-04,100.0,1.0,1.0,100PRF 4YR,vendor,review,age/proof/year on item: 100PRF 4YR
P000011,DSP-KY-14,OLD GRAND-DAD,,OLD GRAND DAD,2,16416,OLD GRAND-DAD 100PRF BOND BOURBON 4YR,JIM BEAM BRANDS,40002,2012-01,2026-04,100.0,1.0,1.0,100PRF 4YR,fallback,review,age/proof/year on item: 100PRF 4YR
P000011,DSP-KY-14,OLD GRAND-DAD,,OLD GRAND DAD,2,20116,OLD GRAND DAD 114PRF,JIM BEAM BRANDS,20778,2021-06,2026-04,100.0,1.0,1.0,114PRF,vendor,review,age/proof/year on item: 114PRF
P000011,DSP-KY-14,OLD GRAND-DAD,,OLD GRAND DAD,2,20116,OLD GRAND DAD 114PRF,JIM BEAM BRANDS,20778,2021-06,2026-04,100.0,1.0,1.0,114PRF,fallback,review,age/proof/year on item: 114PRF
P000011,DSP-KY-14,OLD GRAND-DAD,,OLD GRAND DAD,2,902795,OLD GRAND-DAD SPECIAL SELECTION 114,JIM BEAM BRANDS,312,2012-02,2016-04,100.0,1.0,1.0,SPECIAL SELECTION 114,vendor,review,extra words: SPECIAL SELECTION
P000011,DSP-KY-14,OLD GRAND-DAD,,OLD GRAND DAD,2,902795,OLD GRAND-DAD SPECIAL SELECTION 114,JIM BEAM BRANDS,312,2012-02,2016-04,100.0,1.0,1.0,SPECIAL SELECTION 114,fallback,review,extra words: SPECIAL SELECTION
P000011,DSP-KY-14,OLD GRAND-DAD,,OLD GRAND DAD,2,22618,OLD 48 BOURBON,ROCKY TOP INVESTMENTS / ROCK RIVER DISTILLATION,185,2025-10,2026-04,66.7,0.33,1.0,48,fallback,reject,
P000011,DSP-KY-14,OLD GRAND-DAD,,OLD GRAND DAD,2,20920,OLD TUB,JIM BEAM BRANDS,5485,2020-06,2024-09,60.0,0.33,1.0,TUB,vendor,reject,
P000011,DSP-KY-14,OLD GRAND-DAD,,OLD GRAND DAD,2,20920,OLD TUB,JIM BEAM BRANDS,5485,2020-06,2024-09,60.0,0.33,1.0,TUB,fallback,reject,
P000011,DSP-KY-14,OLD GRAND-DAD,,OLD GRAND DAD,2,20316,OLD EZRA 7YR,LUXCO-ST LOUIS,549,2014-05,2015-09,56.0,0.33,1.0,EZRA 7YR,fallback,reject,
P000011,DSP-KY-14,OLD GRAND-DAD,,OLD GRAND DAD,2,20246,OLD CROW,JIM BEAM BRANDS,78435,2012-01,2026-04,54.5,0.33,1.0,CROW,vendor,reject,
P000011,DSP-KY-14,OLD GRAND-DAD,,OLD GRAND DAD,2,20286,OLD CROW TRAVELER,JIM BEAM BRANDS,63551,2012-01,2026-04,46.7,0.33,1.0,CROW TRAVELER,vendor,reject,
P000012,DSP-KY-113,BENCHMARK,,BENCHMARK,3,21480,BENCHMARK OLD NO. 8,SAZERAC COMPANY  INC,74201,2012-01,2026-03,100.0,1.0,1.0,OLD NO 8,vendor,review,age/proof/year on item: 8
P000012,DSP-KY-113,BENCHMARK,,BENCHMARK,3,21480,BENCHMARK OLD NO. 8,SAZERAC COMPANY  INC,74201,2012-01,2026-03,100.0,1.0,1.0,OLD NO 8,fallback,review,age/proof/year on item: 8
P000012,DSP-KY-113,BENCHMARK,,BENCHMARK,3,21464,BENCHMARK SMALL BATCH,SAZERAC COMPANY  INC,16576,2023-06,2026-04,100.0,1.0,1.0,SMALL BATCH,vendor,review,extra words: SMALL BATCH
P000012,DSP-KY-113,BENCHMARK,,BENCHMARK,3,21464,BENCHMARK SMALL BATCH,SAZERAC COMPANY  INC,16576,2023-06,2026-04,100.0,1.0,1.0,SMALL BATCH,fallback,review,extra words: SMALL BATCH
P000012,DSP-KY-113,BENCHMARK,,BENCHMARK,3,21466,BENCHMARK TOP FLOOR,SAZERAC COMPANY  INC,14195,2023-06,2026-04,100.0,1.0,1.0,TOP FLOOR,vendor,review,extra words: TOP FLOOR
P000012,DSP-KY-113,BENCHMARK,,BENCHMARK,3,21466,BENCHMARK TOP FLOOR,SAZERAC COMPANY  INC,14195,2023-06,2026-04,100.0,1.0,1.0,TOP FLOOR,fallback,review,extra words: TOP FLOOR
P000012,DSP-KY-113,BENCHMARK,,BENCHMARK,3,21460,BENCHMARK BONDED,SAZERAC COMPANY  INC,12628,2023-06,2026-04,100.0,1.0,1.0,BONDED,vendor,review,extra words: BONDED
P000012,DSP-KY-113,BENCHMARK,,BENCHMARK,3,21460,BENCHMARK BONDED,SAZERAC COMPANY  INC,12628,2023-06,2026-04,100.0,1.0,1.0,BONDED,fallback,review,extra words: BONDED
P000012,DSP-KY-113,BENCHMARK,,BENCHMARK,3,21462,BENCHMARK FULL PROOF,SAZERAC COMPANY  INC,11394,2023-03,2026-04,100.0,1.0,1.0,FULL PROOF,vendor,review,extra words: FULL
P000012,DSP-KY-113,BENCHMARK,,BENCHMARK,3,21462,BENCHMARK FULL PROOF,SAZERAC COMPANY  INC,11394,2023-03,2026-04,100.0,1.0,1.0,FULL PROOF,fallback,review,extra words: FULL
P000012,DSP-KY-113,BENCHMARK,,BENCHMARK,3,21254,BENCHMARK SINGLE BARREL,SAZERAC COMPANY  INC,4844,2023-06,2026-04,100.0,1.0,1.0,SINGLE BARREL,vendor,review,extra words: SINGLE BARREL
P000012,DSP-KY-113,BENCHMARK,,BENCHMARK,3,21254,BENCHMARK SINGLE BARREL,SAZERAC COMPANY  INC,4844,2023-06,2026-04,100.0,1.0,1.0,SINGLE BARREL,fallback,review,extra words: SINGLE BARREL
P000013,DSP-KY-113,W. L. WELLER,,W L WELLER,5,922086,HA W L WELLER 2025 BOURBON,SAZERAC COMPANY  INC,183,2024-12,2025-12,100.0,1.0,1.0,2025,vendor,review,age/proof/year on item: 2025
P000013,DSP-KY-113,W. L. WELLER,,W L WELLER,5,922086,HA W L WELLER 2025 BOURBON,SAZERAC COMPANY  INC,183,2024-12,2025-12,100.0,1.0,1.0,2025,fallback,review,age/proof/year on item: 2025
P000013,DSP-KY-113,W. L. WELLER,,W L WELLER,5,903663,HA WILLIAM L WELLER 2022,SAZERAC COMPANY  INC,323,2012-10,2023-12,88.9,0.67,1.0,WILLIAM 2022,vendor,review,fuzzy only
P000013,DSP-KY-113,W. L. WELLER,,W L WELLER,5,903663,HA WILLIAM L WELLER 2022,SAZERAC COMPANY  INC,323,2012-10,2023-12,88.9,0.67,1.0,WILLIAM 2022,fallback,review,fuzzy only
P000013,DSP-KY-113,W. L. WELLER,,W L WELLER,5,21986,WELLER RESERVE 7YR BOURBON,SAZERAC COMPANY  INC,4962,2020-02,2026-04,75.0,0.33,1.0,RESERVE 7YR,vendor,reject,
P000013,DSP-KY-113,W. L. WELLER,,W L WELLER,5,21986,WELLER RESERVE 7YR BOURBON,SAZERAC COMPANY  INC,4962,2020-02,2026-04,75.0,0.33,1.0,RESERVE 7YR,fallback,reject,
P000013,DSP-KY-113,W. L. WELLER,,W L WELLER,5,922041,WELLER ANTIQUE 107 SAZERAC BARREL SELECT BUY THE BARREL,SAZERAC COMPANY  INC,2808,2024-05,2026-04,75.0,0.33,1.0,ANTIQUE 107 SAZERAC BARREL SELECT BUY BARREL,vendor,reject,
P000013,DSP-KY-113,W. L. WELLER,,W L WELLER,5,922041,WELLER ANTIQUE 107 SAZERAC BARREL SELECT BUY THE BARREL,SAZERAC COMPANY  INC,2808,2024-05,2026-04,75.0,0.33,1.0,ANTIQUE 107 SAZERAC BARREL SELECT BUY BARREL,fallback,reject,
P000013,DSP-KY-113,W. L. WELLER,,W L WELLER,5,902574,WELLER SPECIAL RESERVE BOURBON 7YR HA,"SAZERAC CO., INC.",2727,2012-01,2016-01,75.0,0.33,1.0,SPECIAL RESERVE 7YR,vendor,reject,
P000013,DSP-KY-113,W. L. WELLER,,W L WELLER,5,902574,WELLER SPECIAL RESERVE BOURBON 7YR HA,"SAZERAC CO., INC.",2727,2012-01,2016-01,75.0,0.33,1.0,SPECIAL RESERVE 7YR,fallback,reject,
P000013,DSP-KY-113,W. L. WELLER,,W L WELLER,5,922047,WELLER FULL PROOF SAZERAC BARREL SELECT BUY THE BARREL,SAZERAC COMPANY  INC,2442,2024-06,2025-12,75.0,0.33,1.0,FULL PROOF SAZERAC BARREL SELECT BUY BARREL,vendor,reject,
P000013,DSP-KY-113,W. L. WELLER,,W L WELLER,5,922047,WELLER FULL PROOF SAZERAC BARREL SELECT BUY THE BARREL,SAZERAC COMPANY  INC,2442,2024-06,2025-12,75.0,0.33,1.0,FULL PROOF SAZERAC BARREL SELECT BUY BARREL,fallback,reject,
P000014,DSP-IN-26,GEORGE DICKEL,,GEORGE DICKEL,1,926592,GEORGE DICKEL 9YR BARREL,DIAGEO AMERICAS,180,2021-04,2021-04,100.0,1.0,1.0,9YR BARREL,none,review,extra words: BARREL
P000014,DSP-IN-26,GEORGE DICKEL,,GEORGE DICKEL,1,18412,GEORGE REMUS STRAIGHT BOURBON,LUXCO INC,4889,2017-11,2026-02,70.6,0.5,1.0,REMU,none,reject,
P000014,DSP-IN-26,GEORGE DICKEL,,GEORGE DICKEL,1,918412,GEORGE REMUS STRAIGHT BOURBON,LUXCO INC,54,2020-12,2021-05,70.6,0.5,1.0,REMU,none,reject,
P000014,DSP-IN-26,GEORGE DICKEL,,GEORGE DICKEL,1,902684,HA GEORGE T STAGG,SAZERAC COMPANY  INC,268,2012-10,2023-12,63.2,0.5,1.0,T STAGG,none,reject,
P000014,DSP-IN-26,GEORGE DICKEL,,GEORGE DICKEL,1,918411,GEORGE REMUS SINGLE BARREL BUY THE BARREL,LUXCO INC,222,2021-09,2021-09,63.2,0.5,1.0,REMU SINGLE BARREL BUY BARREL,none,reject,
P000014,DSP-IN-26,GEORGE DICKEL,,GEORGE DICKEL,1,918416,HA GEORGE T STAGG 2024,SAZERAC COMPANY  INC,114,2024-12,2025-12,63.2,0.5,1.0,T STAGG 2024,none,reject,
P000015,DSP-MA-18,BACCHUS DISCOUNT LIQUORS,,BACCHU DISCOUNT LIQUOR,1,27877,COUNTRY SMOOTH SMALL BATCH STRAIGHT BOURBON WHISKEY,COUNTRY SMOOTH SPIRITS,426,2021-06,2022-07,54.2,0.0,1.0,COUNTRY SMOOTH SMALL BATCH,none,reject,
P000015,DSP-MA-18,BACCHUS DISCOUNT LIQUORS,,BACCHU DISCOUNT LIQUOR,1,19094,JIM BEAM CUBS EDITION,JIM BEAM BRANDS,11855,2018-04,2018-06,52.4,0.0,1.0,JIM BEAM CUB EDITION,none,reject,
P000015,DSP-MA-18,BACCHUS DISCOUNT LIQUORS,,BACCHU DISCOUNT LIQUOR,1,918328,FOUR BRANCHES BOURBON FOUNDERS BLEND,PARK STREET IMPORTS,6,2025-01,2025-01,52.4,0.0,1.0,FOUR BRANCHE FOUNDER,none,reject,
P000015,DSP-MA-18,BACCHUS DISCOUNT LIQUORS,,BACCHU DISCOUNT LIQUOR,1,18620,HIRSCH SMALL BATCH BOURBON,ANCHOR DISTILLING (PREISS IMPORTS),256,2015-10,2016-06,50.0,0.0,1.0,HIRSCH SMALL BATCH,none,reject,
P000015,DSP-MA-18,BACCHUS DISCOUNT LIQUORS,,BACCHU DISCOUNT LIQUOR,1,904677,HIRSCH STRAIGHT BOURBON SMALL BATCH,ANCHOR DISTILLING (PREISS IMPORTS),7,2012-05,2014-02,50.0,0.0,1.0,HIRSCH SMALL BATCH,none,reject,
P000015,DSP-MA-18,BACCHUS DISCOUNT LIQUORS,,BACCHU DISCOUNT LIQUOR,1,927263,UNTITLED WHISKEY NO. 3 DISCO,ONE EIGHT DISTILLING LLC,6,2017-08,2017-08,48.8,0.0,1.0,UNTITLED NO 3 DISCO,none,reject,
P000016,DSP-KY-113,OLD CHARTER,,OLD CHARTER,13,20166,OLD CHARTER 8 BOURBON,SAZERAC COMPANY  INC,182,2024-01,2024-07,100.0,1.0,1.0,8,vendor,review,age/proof/year on item: 8
P000016,DSP-KY-113,OLD CHARTER,,OLD CHARTER,13,20166,OLD CHARTER 8 BOURBON,SAZERAC COMPANY  INC,182,2024-01,2024-07,100.0,1.0,1.0,8,fallback,review,age/proof/year on item: 8
P000016,DSP-KY-113,OLD CHARTER,,OLD CHARTER,13,902732,OLD CHARTER 8YR KY STR BOURBON HA,"SAZERAC CO., INC.",156,2012-06,2014-04,100.0,1.0,1.0,8YR,vendor,review,age/proof/year on item: 8YR
P000016,DSP-KY-113,OLD CHARTER,,OLD CHARTER,13,902732,OLD CHARTER 8YR KY STR BOURBON HA,"SAZERAC CO., INC.",156,2012-06,2014-04,100.0,1.0,1.0,8YR,fallback,review,age/proof/year on item: 8YR
P000016,DSP-KY-113,OLD CHARTER,,OLD CHARTER,13,20165,OLD CHARTER 8 BOURBON PET,SAZERAC COMPANY  INC,48,2023-06,2023-06,100.0,1.0,1.0,8,vendor,review,age/proof/year on item: 8
P000016,DSP-KY-113,OLD CHARTER,,OLD CHARTER,13,20165,OLD CHARTER 8 BOURBON PET,SAZERAC COMPANY  INC,48,2023-06,2023-06,100.0,1.0,1.0,8,fallback,review,age/proof/year on item: 8
P000016,DSP-KY-113,OLD CHARTER,,OLD CHARTER,13,917266,OLD CHARTER 101 HA,"SAZERAC CO., INC.",36,2013-04,2013-11,100.0,1.0,1.0,101,vendor,review,age/proof/year on item: 101
P000016,DSP-KY-113,OLD CHARTER,,OLD CHARTER,13,917266,OLD CHARTER 101 HA,"SAZERAC CO., INC.",36,2013-04,2013-11,100.0,1.0,1.0,101,fallback,review,age/proof/year on item: 101
P000016,DSP-KY-113,OLD CHARTER,,OLD CHARTER,13,902453,OLD CHARTER 10YR BOURBON,"SAZERAC CO., INC.",12,2012-05,2012-05,100.0,1.0,1.0,10YR,vendor,review,age/proof/year on item: 10YR
P000016,DSP-KY-113,OLD CHARTER,,OLD CHARTER,13,902453,OLD CHARTER 10YR BOURBON,"SAZERAC CO., INC.",12,2012-05,2012-05,100.0,1.0,1.0,10YR,fallback,review,age/proof/year on item: 10YR
P000016,DSP-KY-113,OLD CHARTER,,OLD CHARTER,13,19953,CHARTER FRENCH OAK,SAZERAC COMPANY  INC,174,2024-04,2024-04,77.8,0.5,1.0,FRENCH OAK,vendor,reject,
P000016,DSP-KY-113,OLD CHARTER,,OLD CHARTER,13,19953,CHARTER FRENCH OAK,SAZERAC COMPANY  INC,174,2024-04,2024-04,77.8,0.5,1.0,FRENCH OAK,fallback,reject,
P000017,DSP-IN-26,I.W. HARPER,,I W HARPER,1,18788,I.W. HARPER,DIAGEO AMERICAS,310,2015-05,2015-12,100.0,1.0,1.0,,none,review,exact but none
P000017,DSP-IN-26,I.W. HARPER,,I W HARPER,1,18790,I.W. HARPER 15YR,DIAGEO AMERICAS,167,2015-06,2017-06,100.0,1.0,1.0,15YR,none,review,age/proof/year on item: 15YR
P000017,DSP-IN-26,I.W. HARPER,,I W HARPER,1,918790,HA I.W. HARPER 15 YEAR,DIAGEO AMERICAS,108,2025-08,2026-04,100.0,1.0,1.0,15 YR,none,review,age/proof/year on item: 15 YR
P000017,DSP-IN-26,I.W. HARPER,,I W HARPER,1,918782,I BOURBON,AMERICAN SPIRITS EXCHANGE,12,2023-05,2023-07,100.0,0.33,1.0,,none,review,fuzzy only
P000017,DSP-IN-26,I.W. HARPER,,I W HARPER,1,919954,HA CHARTER FINEST OAK,SAZERAC COMPANY  INC,114,2026-01,2026-01,57.1,0.0,1.0,CHARTER FINEST OAK,none,reject,
P000017,DSP-IN-26,I.W. HARPER,,I W HARPER,1,20166,OLD CHARTER 8 BOURBON,SAZERAC COMPANY  INC,182,2024-01,2024-07,52.2,0.0,1.0,OLD CHARTER 8,none,reject,
P000018,DSP-KY-14,JIM BEAM,,JIM BEAM,2,19066,JIM BEAM,JIM BEAM BRANDS,1052195,2012-01,2026-04,100.0,1.0,1.0,,vendor,accept,exact
P000018,DSP-KY-14,JIM BEAM,,JIM BEAM,2,19096,JIM BEAM PET,JIM BEAM BRANDS,163345,2012-01,2026-04,100.0,1.0,1.0,,vendor,accept,exact
P000018,DSP-KY-14,JIM BEAM,,JIM BEAM,2,27783,JIM BEAM APPLE,JIM BEAM BRANDS,297772,2015-06,2026-04,100.0,1.0,1.0,APPLE,vendor,review,extra words: APPLE
P000018,DSP-KY-14,JIM BEAM,,JIM BEAM,2,28279,JIM BEAM PEACH,JIM BEAM BRANDS,252349,2019-04,2026-04,100.0,1.0,1.0,PEACH,vendor,review,extra words: PEACH
P000018,DSP-KY-14,JIM BEAM,,JIM BEAM,2,27410,JIM BEAM HONEY,JIM BEAM BRANDS,207533,2013-05,2026-04,100.0,1.0,1.0,HONEY,vendor,review,extra words: HONEY
P000018,DSP-KY-14,JIM BEAM,,JIM BEAM,2,27544,RED STAG BY JIM BEAM,JIM BEAM BRANDS,142531,2012-01,2019-05,100.0,1.0,1.0,RED STAG BY,vendor,review,extra words: RED STAG BY
P000019,DSP-KY-113,SAZERAC,,SAZERAC,2,918026,BUFFALO TRACE SAZERAC BARREL SELECT BUY THE BARREL,SAZERAC COMPANY  INC,12840,2024-04,2026-03,100.0,1.0,1.0,BUFFALO TRACE BARREL SELECT BUY BARREL,vendor,review,extra words: BUFFALO TRACE BARREL SELECT BUY BARREL
P000019,DSP-KY-113,SAZERAC,,SAZERAC,2,918026,BUFFALO TRACE SAZERAC BARREL SELECT BUY THE BARREL,SAZERAC COMPANY  INC,12840,2024-04,2026-03,100.0,1.0,1.0,BUFFALO TRACE BARREL SELECT BUY BARREL,fallback,review,extra words: BUFFALO TRACE BARREL SELECT BUY BARREL
P000019,DSP-KY-113,SAZERAC,,SAZERAC,2,917681,EAGLE RARE SAZERAC BARREL SELECT BUY THE BARREL,SAZERAC COMPANY  INC,3582,2024-08,2026-03,100.0,1.0,1.0,EAGLE RARE BARREL SELECT BUY BARREL,vendor,review,extra words: EAGLE RARE BARREL SELECT BUY BARREL
P000019,DSP-KY-113,SAZERAC,,SAZERAC,2,917681,EAGLE RARE SAZERAC BARREL SELECT BUY THE BARREL,SAZERAC COMPANY  INC,3582,2024-08,2026-03,100.0,1.0,1.0,EAGLE RARE BARREL SELECT BUY BARREL,fallback,review,extra words: EAGLE RARE BARREL SELECT BUY BARREL
P000019,DSP-KY-113,SAZERAC,,SAZERAC,2,921251,1792 FULL PROOF KENTUCKY SAZERAC BARREL SELECT STRAIGHT BOUR,SAZERAC COMPANY  INC,3324,2024-07,2026-01,100.0,1.0,1.0,1792 FULL PROOF BARREL SELECT BOUR,vendor,review,extra words: FULL BARREL SELECT BOUR
P000019,DSP-KY-113,SAZERAC,,SAZERAC,2,921251,1792 FULL PROOF KENTUCKY SAZERAC BARREL SELECT STRAIGHT BOUR,SAZERAC COMPANY  INC,3324,2024-07,2026-01,100.0,1.0,1.0,1792 FULL PROOF BARREL SELECT BOUR,fallback,review,extra words: FULL BARREL SELECT BOUR
P000019,DSP-KY-113,SAZERAC,,SAZERAC,2,922041,WELLER ANTIQUE 107 SAZERAC BARREL SELECT BUY THE BARREL,SAZERAC COMPANY  INC,2808,2024-05,2026-04,100.0,1.0,1.0,WELLER ANTIQUE 107 BARREL SELECT BUY BARREL,vendor,review,extra words: WELLER ANTIQUE BARREL SELECT BUY BARREL
P000019,DSP-KY-113,SAZERAC,,SAZERAC,2,922041,WELLER ANTIQUE 107 SAZERAC BARREL SELECT BUY THE BARREL,SAZERAC COMPANY  INC,2808,2024-05,2026-04,100.0,1.0,1.0,WELLER ANTIQUE 107 BARREL SELECT BUY BARREL,fallback,review,extra words: WELLER ANTIQUE BARREL SELECT BUY BARREL
P000019,DSP-KY-113,SAZERAC,,SAZERAC,2,922047,WELLER FULL PROOF SAZERAC BARREL SELECT BUY THE BARREL,SAZERAC COMPANY  INC,2442,2024-06,2025-12,100.0,1.0,1.0,WELLER FULL PROOF BARREL SELECT BUY BARREL,vendor,review,extra words: WELLER FULL BARREL SELECT BUY BARREL
P000019,DSP-KY-113,SAZERAC,,SAZERAC,2,922047,WELLER FULL PROOF SAZERAC BARREL SELECT BUY THE BARREL,SAZERAC COMPANY  INC,2442,2024-06,2025-12,100.0,1.0,1.0,WELLER FULL PROOF BARREL SELECT BUY BARREL,fallback,review,extra words: WELLER FULL BARREL SELECT BUY BARREL
P000019,DSP-KY-113,SAZERAC,,SAZERAC,2,925913,SAZERAC RYE SAZERAC BARREL SELECT BUY THE BARREL,SAZERAC COMPANY  INC,2148,2024-06,2026-03,100.0,1.0,1.0,RYE BARREL SELECT BUY BARREL,vendor,review,extra words: RYE BARREL SELECT BUY BARREL
P000019,DSP-KY-113,SAZERAC,,SAZERAC,2,925913,SAZERAC RYE SAZERAC BARREL SELECT BUY THE BARREL,SAZERAC COMPANY  INC,2148,2024-06,2026-03,100.0,1.0,1.0,RYE BARREL SELECT BUY BARREL,fallback,review,extra words: RYE BARREL SELECT BUY BARREL
P000020,DSP-KY-113,ANCIENT AGE,,ANCIENT AGE,1,16516,ANCIENT AGE BOURBON,"SAZERAC CO., INC.",98800,2012-01,2026-04,100.0,1.0,1.0,,vendor,accept,exact
P000020,DSP-KY-113,ANCIENT AGE,,ANCIENT AGE,1,16536,ANCIENT ANCIENT AGE KY STR BOURBON,"SAZERAC CO., INC.",12,2012-08,2012-08,100.0,1.0,1.0,,vendor,accept,exact
P000020,DSP-KY-113,ANCIENT AGE,,ANCIENT AGE,1,17766,EAGLE RARE,SAZERAC COMPANY  INC,79301,2012-01,2026-04,57.1,0.0,1.0,EAGLE RARE,vendor,reject,
P000020,DSP-KY-113,ANCIENT AGE,,ANCIENT AGE,1,17681,BP EAGLE RARE SP BOURBON,SAZERAC COMPANY  INC,234,2024-12,2024-12,44.4,0.0,1.0,BP EAGLE RARE SP,vendor,reject,
P000020,DSP-KY-113,ANCIENT AGE,,ANCIENT AGE,1,985996,DEVILS RIVER AGAVE BOURBON,SAZERAC COMPANY  INC,54,2023-10,2024-10,42.9,0.0,1.0,DEVIL RIVER AGAVE,vendor,reject,
P000020,DSP-KY-113,ANCIENT AGE,,ANCIENT AGE,1,21596,TEN HIGH,SAZERAC NORTH AMERICA,184487,2012-01,2026-03,42.1,0.0,1.0,TEN HIGH,vendor,reject,
P000021,DSP-KY-113,"EAGLE RARE, 101 PF",,EAGLE RARE 101 PROOF,1,17766,EAGLE RARE,SAZERAC COMPANY  INC,79301,2012-01,2026-04,100.0,0.5,1.0,,vendor,review,fanciful or number not found
P000021,DSP-KY-113,"EAGLE RARE, 101 PF",,EAGLE RARE 101 PROOF,1,17766,EAGLE RARE,SAZERAC COMPANY  INC,79301,2012-01,2026-04,100.0,0.5,1.0,,fallback,review,fanciful or number not found
P000021,DSP-KY-113,"EAGLE RARE, 101 PF",,EAGLE RARE 101 PROOF,1,17681,BP EAGLE RARE SP BOURBON,SAZERAC COMPANY  INC,234,2024-12,2024-12,76.9,0.5,1.0,BP SP,vendor,review,fanciful or number not found
P000021,DSP-KY-113,"EAGLE RARE, 101 PF",,EAGLE RARE 101 PROOF,1,17681,BP EAGLE RARE SP BOURBON,SAZERAC COMPANY  INC,234,2024-12,2024-12,76.9,0.5,1.0,BP SP,fallback,review,fanciful or number not found
P000021,DSP-KY-113,"EAGLE RARE, 101 PF",,EAGLE RARE 101 PROOF,1,917756,HA EAGLE RARE 17 2025 BOURBON,SAZERAC COMPANY  INC,45,2024-12,2025-12,71.4,0.5,1.0,17 2025,vendor,review,fanciful or number not found
P000021,DSP-KY-113,"EAGLE RARE, 101 PF",,EAGLE RARE 101 PROOF,1,917756,HA EAGLE RARE 17 2025 BOURBON,SAZERAC COMPANY  INC,45,2024-12,2025-12,71.4,0.5,1.0,17 2025,fallback,review,fanciful or number not found
P000021,DSP-KY-113,"EAGLE RARE, 101 PF",,EAGLE RARE 101 PROOF,1,917677,EAGLE RARE SINGLE BARREL BUY THE BARREL,SAZERAC COMPANY  INC,7308,2016-02,2024-05,66.7,0.5,1.0,SINGLE BARREL BUY BARREL,vendor,review,fanciful or number not found
P000021,DSP-KY-113,"EAGLE RARE, 101 PF",,EAGLE RARE 101 PROOF,1,917677,EAGLE RARE SINGLE BARREL BUY THE BARREL,SAZERAC COMPANY  INC,7308,2016-02,2024-05,66.7,0.5,1.0,SINGLE BARREL BUY BARREL,fallback,review,fanciful or number not found
P000021,DSP-KY-113,"EAGLE RARE, 101 PF",,EAGLE RARE 101 PROOF,1,917681,EAGLE RARE SAZERAC BARREL SELECT BUY THE BARREL,SAZERAC COMPANY  INC,3582,2024-08,2026-03,66.7,0.5,1.0,SAZERAC BARREL SELECT BUY BARREL,vendor,review,fanciful or number not found
P000021,DSP-KY-113,"EAGLE RARE, 101 PF",,EAGLE RARE 101 PROOF,1,917681,EAGLE RARE SAZERAC BARREL SELECT BUY THE BARREL,SAZERAC COMPANY  INC,3582,2024-08,2026-03,66.7,0.5,1.0,SAZERAC BARREL SELECT BUY BARREL,fallback,review,fanciful or number not found
P000021,DSP-KY-113,"EAGLE RARE, 101 PF",,EAGLE RARE 101 PROOF,1,917676,EAGLE RARE SINGLE BARREL BUY THE BARREL,"SAZERAC CO., INC.",468,2015-05,2016-02,66.7,0.5,1.0,SINGLE BARREL BUY BARREL,vendor,review,fanciful or number not found
P000021,DSP-KY-113,"EAGLE RARE, 101 PF",,EAGLE RARE 101 PROOF,1,917676,EAGLE RARE SINGLE BARREL BUY THE BARREL,"SAZERAC CO., INC.",468,2015-05,2016-02,66.7,0.5,1.0,SINGLE BARREL BUY BARREL,fallback,review,fanciful or number not found
P000022,DSP-OH-22,GB,,GB,2,927952,STRAIGHT EDGE BOURBON WHISKEY,"SPLINTER GROUP NAPA, LLC",30,2021-01,2021-09,33.3,0.0,1.0,EDGE,none,reject,
P000022,DSP-OH-22,GB,,GB,2,21538,STAGG BOURBON,SAZERAC COMPANY  INC,1441,2022-07,2023-05,28.6,0.0,1.0,STAGG,none,reject,
P000022,DSP-OH-22,GB,,GB,2,86582,LEGENT,JIM BEAM BRANDS,7101,2021-01,2025-10,25.0,0.0,1.0,LEGENT,none,reject,
P000022,DSP-OH-22,GB,,GB,2,986582,LEGENT,JIM BEAM BRANDS,1848,2020-10,2025-12,25.0,0.0,1.0,LEGENT,none,reject,
P000022,DSP-OH-22,GB,,GB,2,16916,BORDER BOURBON,45TH PARALLEL SPIRITS,715,2020-09,2022-07,25.0,0.0,1.0,BORDER,none,reject,
P000022,DSP-OH-22,GB,,GB,2,916906,HA BOOKERS,JIM BEAM BRANDS,312,2018-10,2022-04,25.0,0.0,1.0,BOOKER,none,reject,
P000023,DSP-OH-22,KOPPER KETTLE,,KOPPER KETTLE,1,27163,KNOTTER BOURBON,BLAUM BROTHERS DISTILLING CO,382,2017-01,2018-07,50.0,0.0,1.0,KNOTTER,none,reject,
P000023,DSP-OH-22,KOPPER KETTLE,,KOPPER KETTLE,1,76711,PENELOPE RIO,LUXCO INC,297,2024-02,2024-02,48.0,0.0,1.0,PENELOPE RIO,none,reject,
P000023,DSP-OH-22,KOPPER KETTLE,,KOPPER KETTLE,1,902086,HILLROCK ESTATE SOLERA STR. BOURBON WHY.,HILLROCK ESTATE DISTILLERY LLC,72,2014-04,2016-04,46.2,0.0,1.0,HILLROCK ESTATE SOLERA WHY,none,reject,
P000023,DSP-OH-22,KOPPER KETTLE,,KOPPER KETTLE,1,86533,SQRRL PEANUT BUTTER WHISKEY,JIM BEAM BRANDS,3427,2020-07,2022-11,43.8,0.0,1.0,SQRRL PEANUT BUTTER,none,reject,
P000023,DSP-OH-22,KOPPER KETTLE,,KOPPER KETTLE,1,19226,KNOB CREEK,JIM BEAM BRANDS,209865,2012-01,2026-04,43.5,0.0,1.0,KNOB CREEK,none,reject,
P000023,DSP-OH-22,KOPPER KETTLE,,KOPPER KETTLE,1,17766,EAGLE RARE,SAZERAC COMPANY  INC,79301,2012-01,2026-04,43.5,0.0,1.0,EAGLE RARE,none,reject,
P000024,DSP-OH-22,JUNCTION LIQUOR,,JUNCTION LIQUOR,1,903299,CHAPIN & GORE STR BOURBON,HEAVEN HILL BRANDS,264,2012-07,2013-06,46.2,0.0,1.0,CHAPIN GORE,none,reject,
P000024,DSP-OH-22,JUNCTION LIQUOR,,JUNCTION LIQUOR,1,924514,IOWA DISTILLING COMPANY BOURBON CUSTOM LABEL,DUNKEL CORPORATION / IOWA DISTILLING,102,2025-09,2025-09,46.2,0.0,1.0,IOWA CUSTOM,none,reject,
P000024,DSP-OH-22,JUNCTION LIQUOR,,JUNCTION LIQUOR,1,922188,HA WIDOW JANE LUCKY THIRTEEN,HEAVEN HILL BRANDS,324,2023-10,2026-01,45.0,0.0,1.0,WIDOW JANE LUCKY THIRTEEN,none,reject,
P000024,DSP-OH-22,JUNCTION LIQUOR,,JUNCTION LIQUOR,1,16841,BLANTON GOLD BOURBON,SAZERAC COMPANY  INC,45,2020-07,2020-07,44.4,0.0,1.0,BLANTON GOLD,none,reject,
P000024,DSP-OH-22,JUNCTION LIQUOR,,JUNCTION LIQUOR,1,997102,KINGS COUNTY DISTILLERY SINGLE MALT WHISKEY,KINGS COUNTY DISTILLERY,18,2020-10,2022-01,42.1,0.0,1.0,KING COUNTY SINGLE MALT,none,reject,
P000024,DSP-OH-22,JUNCTION LIQUOR,,JUNCTION LIQUOR,1,86404,RED CABIN BOURBON,"CENTRAL STANDARD, LLC",738,2021-08,2023-01,41.7,0.0,1.0,RED CABIN,none,reject,
P000025,KY-I-344,MATTINGLY & MOORE,,MATTINGLY MOORE,3,902389,MATTINGLY & MOORE BOURBON,HEAVEN HILL BRANDS,60,2012-02,2012-06,100.0,1.0,1.0,,vendor,accept,exact
P000025,KY-I-344,MATTINGLY & MOORE,,MATTINGLY MOORE,3,903299,CHAPIN & GORE STR BOURBON,HEAVEN HILL BRANDS,264,2012-07,2013-06,53.8,0.0,1.0,CHAPIN GORE,vendor,reject,
P000025,KY-I-344,MATTINGLY & MOORE,,MATTINGLY MOORE,3,903771,SOOH FIGHTING COCK BOURBON,HEAVEN HILL BRANDS,6451,2012-03,2024-11,42.4,0.0,1.0,SOOH FIGHTING COCK,vendor,reject,
P000025,KY-I-344,MATTINGLY & MOORE,,MATTINGLY MOORE,3,22194,WIDOW JANE SINGLE BATCH 10 YR SELECT,HEAVEN HILL BRANDS,56,2024-04,2024-04,39.2,0.0,1.0,WIDOW JANE SINGLE BATCH 10 YR SELECT,vendor,reject,
P000025,KY-I-344,MATTINGLY & MOORE,,MATTINGLY MOORE,3,927222,PARKERS HERITAGE ORIGINAL BATCH #8 HA,HEAVEN HILL BRANDS,24,2015-01,2015-04,38.3,0.0,1.0,PARKER HERITAGE ORIGINAL BATCH 8,vendor,reject,
P000025,KY-I-344,MATTINGLY & MOORE,,MATTINGLY MOORE,3,16381,OLD FITZGERALD 8 YR BIB DECANTER,HEAVEN HILL BRANDS,82,2024-01,2024-02,37.2,0.0,1.0,OLD FITZGERALD 8 YR DECANTER,vendor,reject,
P000026,DSP-KY-113,EAGLE RARE,,EAGLE RARE,2,17766,EAGLE RARE,SAZERAC COMPANY  INC,79301,2012-01,2026-04,100.0,1.0,1.0,,vendor,accept,exact
P000026,DSP-KY-113,EAGLE RARE,,EAGLE RARE,2,917677,EAGLE RARE SINGLE BARREL BUY THE BARREL,SAZERAC COMPANY  INC,7308,2016-02,2024-05,100.0,1.0,1.0,SINGLE BARREL BUY BARREL,vendor,review,extra words: SINGLE BARREL BUY BARREL
P000026,DSP-KY-113,EAGLE RARE,,EAGLE RARE,2,917681,EAGLE RARE SAZERAC BARREL SELECT BUY THE BARREL,SAZERAC COMPANY  INC,3582,2024-08,2026-03,100.0,1.0,1.0,SAZERAC BARREL SELECT BUY BARREL,vendor,review,extra words: SAZERAC BARREL SELECT BUY BARREL
P000026,DSP-KY-113,EAGLE RARE,,EAGLE RARE,2,917676,EAGLE RARE SINGLE BARREL BUY THE BARREL,"SAZERAC CO., INC.",468,2015-05,2016-02,100.0,1.0,1.0,SINGLE BARREL BUY BARREL,vendor,review,extra words: SINGLE BARREL BUY BARREL
P000026,DSP-KY-113,EAGLE RARE,,EAGLE RARE,2,17681,BP EAGLE RARE SP BOURBON,SAZERAC COMPANY  INC,234,2024-12,2024-12,100.0,1.0,1.0,BP SP,vendor,review,extra words: BP SP
P000026,DSP-KY-113,EAGLE RARE,,EAGLE RARE,2,903764,HA EAGLE RARE 17YR 2020,SAZERAC COMPANY  INC,109,2012-10,2023-12,100.0,1.0,1.0,17YR 2020,vendor,review,age/proof/year on item: 17YR 2020
P000027,WI-P-4887,FRANCIES,,FRANCIE,1,918384,FREY RANCH STRAIGHT BOURBON WHISKEY,PARK STREET IMPORTS,362,2020-11,2026-04,58.8,0.0,1.0,FREY RANCH,none,reject,
P000027,WI-P-4887,FRANCIES,,FRANCIE,1,16516,ANCIENT AGE BOURBON,"SAZERAC CO., INC.",98800,2012-01,2026-04,55.6,0.0,1.0,ANCIENT AGE,none,reject,
P000027,WI-P-4887,FRANCIES,,FRANCIE,1,16536,ANCIENT ANCIENT AGE KY STR BOURBON,"SAZERAC CO., INC.",12,2012-08,2012-08,55.6,0.0,1.0,ANCIENT ANCIENT AGE,none,reject,
P000027,WI-P-4887,FRANCIES,,FRANCIE,1,27804,BURNSIDE BOURBON,EASTSIDE DISTILLING,79,2016-10,2017-04,53.3,0.0,1.0,BURNSIDE,none,reject,
P000027,WI-P-4887,FRANCIES,,FRANCIE,1,18006,BUFFALO TRACE BOURBON,SAZERAC COMPANY  INC,447772,2012-01,2026-04,50.0,0.0,1.0,BUFFALO TRACE,none,reject,
P000027,WI-P-4887,FRANCIES,,FRANCIE,1,927798,BLACK TIE BOURBON,MISSISSIPPI RIVER DISTILLING COMPANY LLC,3018,2015-06,2026-04,50.0,0.0,1.0,BLACK TIE,none,reject,
P000028,DSP-KY-230,JIM BEAM,,JIM BEAM,1,19066,JIM BEAM,JIM BEAM BRANDS,1052195,2012-01,2026-04,100.0,1.0,1.0,,vendor,accept,exact
P000028,DSP-KY-230,JIM BEAM,,JIM BEAM,1,19096,JIM BEAM PET,JIM BEAM BRANDS,163345,2012-01,2026-04,100.0,1.0,1.0,,vendor,accept,exact
P000028,DSP-KY-230,JIM BEAM,,JIM BEAM,1,27783,JIM BEAM APPLE,JIM BEAM BRANDS,297772,2015-06,2026-04,100.0,1.0,1.0,APPLE,vendor,review,extra words: APPLE
P000028,DSP-KY-230,JIM BEAM,,JIM BEAM,1,28279,JIM BEAM PEACH,JIM BEAM BRANDS,252349,2019-04,2026-04,100.0,1.0,1.0,PEACH,vendor,review,extra words: PEACH
P000028,DSP-KY-230,JIM BEAM,,JIM BEAM,1,27410,JIM BEAM HONEY,JIM BEAM BRANDS,207533,2013-05,2026-04,100.0,1.0,1.0,HONEY,vendor,review,extra words: HONEY
P000028,DSP-KY-230,JIM BEAM,,JIM BEAM,1,27544,RED STAG BY JIM BEAM,JIM BEAM BRANDS,142531,2012-01,2019-05,100.0,1.0,1.0,RED STAG BY,vendor,review,extra words: RED STAG BY
P000029,DSP-OH-22,WHITE OAKS,,WHITE OAK,2,26752,3-OAKS DISTILLERY STRAIGHT BOURBON WHISKEY,"3-OAKS DISTILLERY, LLC",629,2019-03,2023-01,75.0,0.5,1.0,3,none,reject,
P000029,DSP-OH-22,WHITE OAKS,,WHITE OAK,2,20656,OLD HICKORY WHITE LABEL STRAIGHT BOURBON WHISKEY,RS LIPMAN COMPANY LLC,176,2017-04,2018-08,71.4,0.5,1.0,OLD HICKORY,none,reject,
P000029,DSP-OH-22,WHITE OAKS,,WHITE OAK,2,921046,PENELOPE PROJECT X WHITE & RUBY DOUBLE PORT FINISH BTB,LUXCO INC,150,2025-11,2025-11,71.4,0.5,1.0,PENELOPE PROJECT X RUBY DOUBLE PORT FINISH BTB,none,reject,
P000029,DSP-OH-22,WHITE OAKS,,WHITE OAK,2,27654,WHITE WATER WHISKEY,PANTHER DISTILLERY,119,2013-12,2015-02,71.4,0.5,1.0,WATER,none,reject,
P000029,DSP-OH-22,WHITE OAKS,,WHITE OAK,2,920656,OLD HICKORY WHITE LABEL STRAIGHT BOURBON WHISKEY,RS LIPMAN COMPANY LLC,12,2021-03,2021-06,71.4,0.5,1.0,OLD HICKORY,none,reject,
P000029,DSP-OH-22,WHITE OAKS,,WHITE OAK,2,927798,BLACK TIE BOURBON,MISSISSIPPI RIVER DISTILLING COMPANY LLC,3018,2015-06,2026-04,55.6,0.0,1.0,BLACK TIE,none,reject,
P000030,DSP-OH-22,LEATHER STALLION SALOON,,LEATHER STALLION SALOON,3,21602,EH TAYLOR JR SMALL BATCH,SAZERAC COMPANY  INC,12363,2015-03,2026-02,59.6,0.0,1.0,EH TAYLOR JR SMALL BATCH,none,reject,
P000030,DSP-OH-22,LEATHER STALLION SALOON,,LEATHER STALLION SALOON,3,903279,JEFFERSON'S BOURBON SMALL BATCH,CASTLE BRANDS,90,2012-11,2014-03,59.1,0.0,1.0,JEFFERSON SMALL BATCH,none,reject,
P000030,DSP-OH-22,LEATHER STALLION SALOON,,LEATHER STALLION SALOON,3,921602,E.H. TAYLOR SMALL BATCH BOURBON,"SAZERAC CO., INC.",678,2013-01,2014-11,57.8,0.0,1.0,E H TAYLOR SMALL BATCH,none,reject,
P000030,DSP-OH-22,LEATHER STALLION SALOON,,LEATHER STALLION SALOON,3,18390,GARRISON BROTHERS SMALL BATCH STRAIGHT BOURBON,"LONE STAR DISTILLERY, LLC/GARRISON BROTHERS DISTILLERY",706,2023-07,2026-04,54.9,0.0,1.0,GARRISON BROTHER SMALL BATCH,none,reject,
P000030,DSP-OH-22,LEATHER STALLION SALOON,,LEATHER STALLION SALOON,3,28147,MERICA SMALL BATCH BOURBON,FAMOUS BRANDS,503,2019-02,2020-02,53.7,0.0,1.0,MERICA SMALL BATCH,none,reject,
P000030,DSP-OH-22,LEATHER STALLION SALOON,,LEATHER STALLION SALOON,3,25141,MR. PEABODY SMALL BATCH BOURBON WHISKEY,"DUMBASS WHISKEY, LLC",135,2022-10,2023-04,53.3,0.0,1.0,MR PEABODY SMALL BATCH,none,reject,
P000031,DSP-OH-22,HANNA'S RESTAURANT,,HANNA RESTAURANT,2,27577,RED STAG HONEY TEA,JIM BEAM BRANDS,2619,2012-02,2013-11,52.9,0.0,1.0,RED STAG HONEY TEA,none,reject,
P000031,DSP-OH-22,HANNA'S RESTAURANT,,HANNA RESTAURANT,2,903066,HANCOCK RESERVE BOURBON,"SAZERAC CO., INC.",54,2012-01,2015-04,51.6,0.0,1.0,HANCOCK RESERVE,none,reject,
P000031,DSP-OH-22,HANNA'S RESTAURANT,,HANNA RESTAURANT,2,921258,RESILIENT BOURBON BOTTLED IN BOND,AMERICAN SPIRITS EXCHANGE,24,2022-06,2022-09,50.0,0.0,1.0,RESILIENT IN,none,reject,
P000031,DSP-OH-22,HANNA'S RESTAURANT,,HANNA RESTAURANT,2,21220,RED STATE BOURBON,HEAVEN HILL BRANDS,198,2012-01,2012-11,48.0,0.0,1.0,RED STATE,none,reject,
P000031,DSP-OH-22,HANNA'S RESTAURANT,,HANNA RESTAURANT,2,21198,BP REBEL CASK STRENGTH,LUXCO INC,210,2023-01,2023-01,47.4,0.0,1.0,BP REBEL CASK STRENGTH,none,reject,
P000031,DSP-OH-22,HANNA'S RESTAURANT,,HANNA RESTAURANT,2,989772,STRANAHAN'S DIAMOND PEAK,PROXIMO,132,2016-07,2025-05,47.4,0.0,1.0,STRANAHAN DIAMOND PEAK,none,reject,
P000032,DSP-MA-18,WAREHOUSE,,WAREHOUSE,1,921592,HA EH TAYLOR JR WAREHOUSE C,SAZERAC COMPANY  INC,60,2021-11,2021-11,100.0,1.0,1.0,EH TAYLOR JR C,none,review,extra words: EH TAYLOR JR C
P000032,DSP-MA-18,WAREHOUSE,,WAREHOUSE,1,17659,DOUBLE BARREL BOURBON,ROCKY TOP INVESTMENTS / ROCK RIVER DISTILLATION,2666,2021-02,2026-04,54.5,0.0,1.0,DOUBLE BARREL,none,reject,
P000032,DSP-MA-18,WAREHOUSE,,WAREHOUSE,1,917659,DOUBLE BARREL BOURBON,ROCKY TOP INVESTMENTS / ROCK RIVER DISTILLATION,420,2020-12,2024-08,54.5,0.0,1.0,DOUBLE BARREL,none,reject,
P000032,DSP-MA-18,WAREHOUSE,,WAREHOUSE,1,27654,WHITE WATER WHISKEY,PANTHER DISTILLERY,119,2013-12,2015-02,50.0,0.0,1.0,WHITE WATER,none,reject,
P000032,DSP-MA-18,WAREHOUSE,,WAREHOUSE,1,19905,NEFARIOUS BOURBON WHISKEY,JDSO INC / RED BOOT DISTILLERY,2240,2019-10,2023-08,47.1,0.0,1.0,NEFARIOU,none,reject,
P000032,DSP-MA-18,WAREHOUSE,,WAREHOUSE,1,916666,ORPHAN BARREL BARTERHOUSE HA,DIAGEO AMERICAS,654,2014-03,2016-04,47.1,0.0,1.0,ORPHAN BARREL BARTERHOUSE,none,reject,
P000033,DSP-MA-18,USA,,USA,1,21538,STAGG BOURBON,SAZERAC COMPANY  INC,1441,2022-07,2023-05,50.0,0.0,1.0,STAGG,none,reject,
P000033,DSP-MA-18,USA,,USA,1,16870,BLUE STATE BOURBON,HEAVEN HILL BRANDS,221,2012-01,2012-11,46.2,0.0,1.0,BLUE STATE,none,reject,
P000033,DSP-MA-18,USA,,USA,1,924514,IOWA DISTILLING COMPANY BOURBON CUSTOM LABEL,DUNKEL CORPORATION / IOWA DISTILLING,102,2025-09,2025-09,42.9,0.0,1.0,IOWA CUSTOM,none,reject,
P000033,DSP-MA-18,USA,,USA,1,19250,THE WISEMAN BOURBON,STOLI GROUP,1561,2021-11,2024-07,40.0,0.0,1.0,WISEMAN,none,reject,
P000033,DSP-MA-18,USA,,USA,1,19468,MARKSMAN,SAZERAC COMPANY  INC,3951,2020-09,2024-01,36.4,0.0,1.0,MARKSMAN,none,reject,
P000033,DSP-MA-18,USA,,USA,1,921540,STAGG JR. HA,"SAZERAC CO., INC.",856,2013-09,2016-04,36.4,0.0,1.0,STAGG JR,none,reject,
P000034,DSP-KY-78,OLDE ST. NICK,,OLDE ST NICK,1,20656,OLD HICKORY WHITE LABEL STRAIGHT BOURBON WHISKEY,RS LIPMAN COMPANY LLC,176,2017-04,2018-08,62.1,0.0,1.0,OLD HICKORY WHITE,fallback,reject,
P000034,DSP-KY-78,OLDE ST. NICK,,OLDE ST NICK,1,920656,OLD HICKORY WHITE LABEL STRAIGHT BOURBON WHISKEY,RS LIPMAN COMPANY LLC,12,2021-03,2021-06,62.1,0.0,1.0,OLD HICKORY WHITE,fallback,reject,
P000034,DSP-KY-78,OLDE ST. NICK,,OLDE ST NICK,1,20300,OLD ELK WHEAT BOURBON,OLD ELK DISTILLERIES LLC,4391,2020-09,2025-11,56.0,0.0,1.0,OLD ELK WHEAT,fallback,reject,
P000034,DSP-KY-78,OLDE ST. NICK,,OLDE ST NICK,1,20920,OLD TUB,JIM BEAM BRANDS,5485,2020-06,2024-09,52.6,0.0,1.0,OLD TUB,fallback,reject,
P000034,DSP-KY-78,OLDE ST. NICK,,OLDE ST NICK,1,27718,PIKE STREET,PANTHER DISTILLERY,48,2014-10,2015-12,52.2,0.0,1.0,PIKE STREET,fallback,reject,
P000034,DSP-KY-78,OLDE ST. NICK,,OLDE ST NICK,1,928302,CODY ROAD BOURBON - CF STAFF PICK,MISSISSIPPI RIVER DISTIL,252,2020-11,2020-12,51.4,0.0,1.0,CODY ROAD CF STAFF PICK,fallback,reject,
P000034,DSP-KY-78,OLDE ST. NICK,,OLDE ST NICK,1,902021,JOHNNY DRUM PRIVATE STOCK KSBW HA,WILLETT DISTILLERY,6,2014-06,2014-06,33.3,0.0,1.0,JOHNNY DRUM PRIVATE STOCK KSBW,vendor,reject,
P000034,DSP-KY-78,OLDE ST. NICK,,OLDE ST NICK,1,906060,NOAH'S MILL HA,WILLETT DISTILLERY,36,2014-06,2014-06,28.6,0.0,1.0,NOAH MILL,vendor,reject,
P000034,DSP-KY-78,OLDE ST. NICK,,OLDE ST NICK,1,906061,WILLETT POT STILL RESERVE HA,WILLETT DISTILLERY,108,2014-06,2014-06,27.0,0.0,1.0,WILLETT POT STILL RESERVE,vendor,reject,
P000035,KY-I-344,EVAN WILLIAMS,GREEN,EVAN WILLIAM GREEN,2,18046,EVAN WILLIAMS GREEN LABEL,HEAVEN HILL BRANDS,29465,2013-02,2026-04,100.0,1.0,1.0,,vendor,accept,exact
P000035,KY-I-344,EVAN WILLIAMS,GREEN,EVAN WILLIAM GREEN,2,17956,EVAN WILLIAMS STR BOURBON,HEAVEN HILL BRANDS,523658,2012-01,2026-04,100.0,1.0,0.0,,vendor,review,fanciful or number not found
P000035,KY-I-344,EVAN WILLIAMS,GREEN,EVAN WILLIAM GREEN,2,16096,EVAN WILLIAMS BOTTLED IN BOND,HEAVEN HILL BRANDS,76203,2014-02,2026-04,88.9,1.0,0.0,IN,vendor,review,fanciful or number not found
P000035,KY-I-344,EVAN WILLIAMS,GREEN,EVAN WILLIAM GREEN,2,18116,EVAN WILLIAMS BLACK PET,HEAVEN HILL BRANDS,33462,2013-05,2026-04,80.0,1.0,0.0,BLACK,vendor,review,fanciful or number not found
P000035,KY-I-344,EVAN WILLIAMS,GREEN,EVAN WILLIAM GREEN,2,18120,EVAN WILLIAMS VINTAGE,HEAVEN HILL BRANDS,21814,2012-01,2026-04,80.0,1.0,0.0,VINTAGE,vendor,review,fanciful or number not found
P000035,KY-I-344,EVAN WILLIAMS,GREEN,EVAN WILLIAM GREEN,2,73715,EVAN WILLIAMS CHERRY RESERVE,HEAVEN HILL BRANDS,21688,2012-01,2019-01,80.0,1.0,0.0,CHERRY RESERVE,vendor,review,fanciful or number not found
P000036,DSP-MD-03,BULLEIT BOURBON,,BULLEIT,2,17086,BULLEIT BOURBON,DIAGEO AMERICAS,422143,2012-01,2026-04,100.0,1.0,1.0,,vendor,accept,exact
P000036,DSP-MD-03,BULLEIT BOURBON,,BULLEIT,2,17090,BULLEIT BOURBON 10YR,DIAGEO AMERICAS,20969,2013-11,2026-04,100.0,1.0,1.0,10YR,vendor,review,age/proof/year on item: 10YR
P000036,DSP-MD-03,BULLEIT BOURBON,,BULLEIT,2,992000,BULLEIT SINGLE BARREL BUY THE BARREL,DIAGEO AMERICAS,6180,2020-07,2024-10,100.0,1.0,1.0,SINGLE BARREL BUY BARREL,vendor,review,extra words: SINGLE BARREL BUY BARREL
P000036,DSP-MD-03,BULLEIT BOURBON,,BULLEIT,2,17092,BULLEIT BOURBON BARREL STRENGTH,DIAGEO AMERICAS,4393,2018-01,2026-04,100.0,1.0,1.0,BARREL STRENGTH,vendor,review,extra words: BARREL STRENGTH
P000036,DSP-MD-03,BULLEIT BOURBON,,BULLEIT,2,22531,BULLEIT SINGLE MALT WHISKEY,DIAGEO AMERICAS,1097,2024-02,2026-04,100.0,1.0,1.0,SINGLE MALT,vendor,review,extra words: SINGLE MALT
P000036,DSP-MD-03,BULLEIT BOURBON,,BULLEIT,2,917093,BULLEIT SINGLE BARREL BUY THE BARREL,DIAGEO AMERICAS,456,2025-02,2025-04,100.0,1.0,1.0,SINGLE BARREL BUY BARREL,vendor,review,extra words: SINGLE BARREL BUY BARREL
P000037,DSP-MO-5,MCCORMICK,,MCCORMICK,5,17334,CHICKEN COCK KENTUCKY STRAIGHT BOURBON,PARK STREET IMPORTS,3144,2021-11,2026-02,47.6,0.0,1.0,CHICKEN COCK,fallback,reject,
P000037,DSP-MO-5,MCCORMICK,,MCCORMICK,5,917334,CHICKEN COCK KENTUCKY STRAIGHT BOURBON,PARK STREET IMPORTS,72,2021-04,2021-07,47.6,0.0,1.0,CHICKEN COCK,fallback,reject,
P000037,DSP-MO-5,MCCORMICK,,MCCORMICK,5,921230,RHETORIC HA,DIAGEO AMERICAS,270,2014-07,2014-11,47.1,0.0,1.0,RHETORIC,fallback,reject,
P000037,DSP-MO-5,MCCORMICK,,MCCORMICK,5,926508,STRAIGHT CORN WHISKEY,"GREEN FROG DISTILLERY, LLC",276,2021-11,2026-01,46.2,0.0,1.0,CORN,fallback,reject,
P000037,DSP-MO-5,MCCORMICK,,MCCORMICK,5,904328,HA ROCK HILL FARMS BOURBON,SAZERAC COMPANY  INC,305,2012-01,2024-11,43.5,0.0,1.0,ROCK HILL FARM,fallback,reject,
P000037,DSP-MO-5,MCCORMICK,,MCCORMICK,5,19476,MAKERS MARK,JIM BEAM BRANDS,705270,2012-01,2026-04,42.1,0.0,1.0,MAKER MARK,fallback,reject,
P000037,DSP-MO-5,MCCORMICK,,MCCORMICK,5,18637,BEN HOLLADAY RICKHOUSE PROOF BOURBON WHISKEY,MCCORMICK DISTILLING CO.,208,2025-07,2026-04,27.0,0.0,1.0,BEN HOLLADAY RICKHOUSE PROOF,vendor,reject,
P000037,DSP-MO-5,MCCORMICK,,MCCORMICK,5,903755,PLATTE VALLEY MOONSHINE CORN JUGS,MCCORMICK DISTILLING COMPANY,252,2012-02,2015-12,24.4,0.0,1.0,PLATTE VALLEY MOONSHINE CORN JUG,vendor,reject,
P000037,DSP-MO-5,MCCORMICK,,MCCORMICK,5,918636,HA HOLLADAY SOFT RED WHEAT RICKHOUSE PROOF,MCCORMICK DISTILLING CO.,270,2024-04,2024-07,20.8,0.0,1.0,HOLLADAY SOFT RED WHEAT RICKHOUSE PROOF,vendor,reject,
P000037,DSP-MO-5,MCCORMICK,,MCCORMICK,5,18636,HOLLADAY SOFT RED WHEAT RICKHOUSE PROOF,MCCORMICK DISTILLING CO.,186,2025-07,2026-04,20.8,0.0,1.0,HOLLADAY SOFT RED WHEAT RICKHOUSE PROOF,vendor,reject,
P000037,DSP-MO-5,MCCORMICK,,MCCORMICK,5,16307,HOLLADAY SOFT RED WHEAT BOURBON WHISKEY 6YR BIB,MCCORMICK DISTILLING CO.,3106,2023-07,2026-04,11.1,0.0,1.0,HOLLADAY SOFT RED WHEAT 6YR,vendor,reject,
P000037,DSP-MO-5,MCCORMICK,,MCCORMICK,5,918680,HOLLADAY SOFT RED WHEAT ONE BARREL MID-STATES BUY THE BARREL,MCCORMICK DISTILLING CO.,186,2024-11,2024-11,10.5,0.0,1.0,HOLLADAY SOFT RED WHEAT ONE BARREL MID STATE BUY BARREL,vendor,reject,
P000038,DSP-KY-113,ELMER T. LEE,,ELMER T LEE,1,917946,HA ELMER T LEE SINGLE BARREL,SAZERAC COMPANY  INC,1284,2015-11,2024-05,100.0,1.0,1.0,SINGLE BARREL,vendor,review,extra words: SINGLE BARREL
P000038,DSP-KY-113,ELMER T. LEE,,ELMER T LEE,1,917946,HA ELMER T LEE SINGLE BARREL,SAZERAC COMPANY  INC,1284,2015-11,2024-05,100.0,1.0,1.0,SINGLE BARREL,fallback,review,extra words: SINGLE BARREL
P000038,DSP-KY-113,ELMER T. LEE,,ELMER T LEE,1,903410,ELMER T LEE SINGLE BARREL HA,"SAZERAC CO., INC.",900,2012-01,2015-04,100.0,1.0,1.0,SINGLE BARREL,vendor,review,extra words: SINGLE BARREL
P000038,DSP-KY-113,ELMER T. LEE,,ELMER T LEE,1,903410,ELMER T LEE SINGLE BARREL HA,"SAZERAC CO., INC.",900,2012-01,2015-04,100.0,1.0,1.0,SINGLE BARREL,fallback,review,extra words: SINGLE BARREL
P000038,DSP-KY-113,ELMER T. LEE,,ELMER T LEE,1,917943,HA ELMER T LEE 100TH,SAZERAC COMPANY  INC,60,2020-01,2020-01,100.0,1.0,1.0,100TH,vendor,review,age/proof/year on item: 100TH
P000038,DSP-KY-113,ELMER T. LEE,,ELMER T LEE,1,917943,HA ELMER T LEE 100TH,SAZERAC COMPANY  INC,60,2020-01,2020-01,100.0,1.0,1.0,100TH,fallback,review,age/proof/year on item: 100TH
P000038,DSP-KY-113,ELMER T. LEE,,ELMER T LEE,1,86834,REBEL ROOT BEER,LUXCO INC,596,2026-02,2026-04,61.5,0.0,1.0,REBEL ROOT BEER,fallback,reject,
P000038,DSP-KY-113,ELMER T. LEE,,ELMER T LEE,1,16796,BELLE MEADE WHISKEY,CONSTELLATION BRANDS INC,1643,2020-07,2022-05,54.5,0.0,1.0,BELLE MEADE,fallback,reject,
P000038,DSP-KY-113,ELMER T. LEE,,ELMER T LEE,1,21027,PEERLESS TOASTED KENTUCKY STRAIGHT BOURBON WHISKEY,"KENTUCKY PEERLESS DISTILLING COMPANY, LLC",207,2026-01,2026-03,51.9,0.0,1.0,PEERLESS TOASTED,fallback,reject,
P000038,DSP-KY-113,ELMER T. LEE,,ELMER T LEE,1,21589,EH TAYLOR JR SINGLE BARREL,SAZERAC COMPANY  INC,744,2021-11,2024-02,48.6,0.0,1.0,EH TAYLOR JR SINGLE BARREL,vendor,reject,
P000038,DSP-KY-113,ELMER T. LEE,,ELMER T LEE,1,17766,EAGLE RARE,SAZERAC COMPANY  INC,79301,2012-01,2026-04,47.6,0.0,1.0,EAGLE RARE,vendor,reject,
P000038,DSP-KY-113,ELMER T. LEE,,ELMER T LEE,1,921589,E.H. TAYLOR JR. SINGLE BARREL HA,"SAZERAC CO., INC.",492,2013-01,2016-05,47.4,0.0,1.0,E H TAYLOR JR SINGLE BARREL,vendor,reject,
P000039,KY-I-344,EVAN WILLIAMS,BLACK LABEL,EVAN WILLIAM BLACK,5,18116,EVAN WILLIAMS BLACK PET,HEAVEN HILL BRANDS,33462,2013-05,2026-04,100.0,1.0,1.0,,vendor,accept,exact
P000039,KY-I-344,EVAN WILLIAMS,BLACK LABEL,EVAN WILLIAM BLACK,5,17956,EVAN WILLIAMS STR BOURBON,HEAVEN HILL BRANDS,523658,2012-01,2026-04,100.0,1.0,0.0,,vendor,review,fanciful or number not found
P000039,KY-I-344,EVAN WILLIAMS,BLACK LABEL,EVAN WILLIAM BLACK,5,16096,EVAN WILLIAMS BOTTLED IN BOND,HEAVEN HILL BRANDS,76203,2014-02,2026-04,88.9,1.0,0.0,IN,vendor,review,fanciful or number not found
P000039,KY-I-344,EVAN WILLIAMS,BLACK LABEL,EVAN WILLIAM BLACK,5,18046,EVAN WILLIAMS GREEN LABEL,HEAVEN HILL BRANDS,29465,2013-02,2026-04,80.0,1.0,0.0,GREEN,vendor,review,fanciful or number not found
P000039,KY-I-344,EVAN WILLIAMS,BLACK LABEL,EVAN WILLIAM BLACK,5,18120,EVAN WILLIAMS VINTAGE,HEAVEN HILL BRANDS,21814,2012-01,2026-04,80.0,1.0,0.0,VINTAGE,vendor,review,fanciful or number not found
P000039,KY-I-344,EVAN WILLIAMS,BLACK LABEL,EVAN WILLIAM BLACK,5,73715,EVAN WILLIAMS CHERRY RESERVE,HEAVEN HILL BRANDS,21688,2012-01,2019-01,80.0,1.0,0.0,CHERRY RESERVE,vendor,review,fanciful or number not found
P000040,DSP-KY-67,WILD TURKEY,RUSSELL'S RESERVE,WILD TURKEY RUSSELL RESERVE,1,902733,WILD TURKEY RUSSELLS RESERVE SINGLE BARREL,CAMPARI(SKYY),6,2015-11,2015-11,100.0,1.0,1.0,SINGLE BARREL,vendor,review,extra words: SINGLE BARREL
P000040,DSP-KY-67,WILD TURKEY,RUSSELL'S RESERVE,WILD TURKEY RUSSELL RESERVE,1,902733,WILD TURKEY RUSSELLS RESERVE SINGLE BARREL,CAMPARI(SKYY),6,2015-11,2015-11,100.0,1.0,1.0,SINGLE BARREL,fallback,review,extra words: SINGLE BARREL
P000040,DSP-KY-67,WILD TURKEY,RUSSELL'S RESERVE,WILD TURKEY RUSSELL RESERVE,1,22121,WILD TURKEY 81,CAMPARI AMERICA,62450,2012-01,2026-04,88.0,1.0,0.0,81,vendor,review,fanciful or number not found
P000040,DSP-KY-67,WILD TURKEY,RUSSELL'S RESERVE,WILD TURKEY RUSSELL RESERVE,1,22121,WILD TURKEY 81,CAMPARI AMERICA,62450,2012-01,2026-04,88.0,1.0,0.0,81,fallback,review,fanciful or number not found
P000040,DSP-KY-67,WILD TURKEY,RUSSELL'S RESERVE,WILD TURKEY RUSSELL RESERVE,1,22175,RUSSELLS RESERVE 10YR,CAMPARI AMERICA,32795,2012-04,2026-04,85.7,0.0,1.0,10YR,vendor,review,age/proof/year on item: 10YR
P000040,DSP-KY-67,WILD TURKEY,RUSSELL'S RESERVE,WILD TURKEY RUSSELL RESERVE,1,22175,RUSSELLS RESERVE 10YR,CAMPARI AMERICA,32795,2012-04,2026-04,85.7,0.0,1.0,10YR,fallback,review,age/proof/year on item: 10YR
P000040,DSP-KY-67,WILD TURKEY,RUSSELL'S RESERVE,WILD TURKEY RUSSELL RESERVE,1,22177,RUSSELLS RESERVE 15YR,CAMPARI AMERICA,111,2024-06,2024-06,85.7,0.0,1.0,15YR,vendor,review,age/proof/year on item: 15YR
P000040,DSP-KY-67,WILD TURKEY,RUSSELL'S RESERVE,WILD TURKEY RUSSELL RESERVE,1,22177,RUSSELLS RESERVE 15YR,CAMPARI AMERICA,111,2024-06,2024-06,85.7,0.0,1.0,15YR,fallback,review,age/proof/year on item: 15YR
P000040,DSP-KY-67,WILD TURKEY,RUSSELL'S RESERVE,WILD TURKEY RUSSELL RESERVE,1,922173,RUSSELL'S RESERVE 1998 HA,CAMPARI(SKYY),6,2015-11,2015-11,85.7,0.0,1.0,1998,vendor,review,age/proof/year on item: 1998
P000040,DSP-KY-67,WILD TURKEY,RUSSELL'S RESERVE,WILD TURKEY RUSSELL RESERVE,1,922173,RUSSELL'S RESERVE 1998 HA,CAMPARI(SKYY),6,2015-11,2015-11,85.7,0.0,1.0,1998,fallback,review,age/proof/year on item: 1998
P000040,DSP-KY-67,WILD TURKEY,RUSSELL'S RESERVE,WILD TURKEY RUSSELL RESERVE,1,22156,WILD TURKEY 101,CAMPARI AMERICA,249441,2012-01,2026-04,84.6,1.0,0.0,101,vendor,review,fanciful or number not found
P000040,DSP-KY-67,WILD TURKEY,RUSSELL'S RESERVE,WILD TURKEY RUSSELL RESERVE,1,22156,WILD TURKEY 101,CAMPARI AMERICA,249441,2012-01,2026-04,84.6,1.0,0.0,101,fallback,review,fanciful or number not found
P000041,WI-P-4887,COUNTY MARKET,,COUNTY MARKET,1,997100,KINGS COUNTY DISTILLERY STRAIGHT BOURBON WHISKEY,KINGS COUNTY DISTILLERY,401,2020-03,2026-01,70.6,0.5,1.0,KING,none,reject,
P000041,WI-P-4887,COUNTY MARKET,,COUNTY MARKET,1,924475,KINGS COUNTY BLENDED BOURBON,KINGS COUNTY DISTILLERY,30,2023-01,2023-03,70.6,0.5,1.0,KING,none,reject,
P000041,WI-P-4887,COUNTY MARKET,,COUNTY MARKET,1,17630,DAVIESS COUNTY KENTUCKY STRAIGHT BOURBON WHISKEY,LUXCO INC,541,2020-03,2021-07,66.7,0.5,1.0,DAVIESS,none,reject,
P000041,WI-P-4887,COUNTY MARKET,,COUNTY MARKET,1,917630,DAVIESS COUNTY STRAIGHT BOURBON WHISKEY,LUXCO INC,6,2023-05,2023-05,66.7,0.5,1.0,DAVIESS,none,reject,
P000041,WI-P-4887,COUNTY MARKET,,COUNTY MARKET,1,997101,KINGS COUNTY DISTILLERY PEATED BOURBON,KINGS COUNTY DISTILLERY,192,2019-10,2026-01,64.5,0.5,1.0,KING PEATED,none,reject,
P000041,WI-P-4887,COUNTY MARKET,,COUNTY MARKET,1,86536,DAVIESS COUNTY KSBW CAB FINISHED,LUXCO INC,768,2020-03,2022-03,63.2,0.5,1.0,DAVIESS KSBW CAB FINISHED,none,reject,
P000042,DSP-KY-14,KENTUCKY COLONEL,,COLONEL,1,926930,HA THE CLOVER STRAIGHT BOURBON,PIEDMONT DISTILLERS INC,180,2021-02,2023-04,61.5,0.0,1.0,CLOVER,fallback,reject,
P000042,DSP-KY-14,KENTUCKY COLONEL,,COLONEL,1,925474,COALESENCE,"FOUNDRY DISTILLING COMPANY, LLC",24,2021-11,2021-11,58.8,0.0,1.0,COALESENCE,fallback,reject,
P000042,DSP-KY-14,KENTUCKY COLONEL,,COLONEL,1,926508,STRAIGHT CORN WHISKEY,"GREEN FROG DISTILLERY, LLC",276,2021-11,2026-01,54.5,0.0,1.0,CORN,fallback,reject,
P000042,DSP-KY-14,KENTUCKY COLONEL,,COLONEL,1,20246,OLD CROW,JIM BEAM BRANDS,78435,2012-01,2026-04,53.3,0.0,1.0,OLD CROW,vendor,reject,
P000042,DSP-KY-14,KENTUCKY COLONEL,,COLONEL,1,20246,OLD CROW,JIM BEAM BRANDS,78435,2012-01,2026-04,53.3,0.0,1.0,OLD CROW,fallback,reject,
P000042,DSP-KY-14,KENTUCKY COLONEL,,COLONEL,1,26771,OLD SOUL BOURBON,BOTTLE TREE BEVERAGE COMPANY LLC / CATHEAD DISTILLERY,672,2022-05,2023-07,53.3,0.0,1.0,OLD SOUL,fallback,reject,
P000042,DSP-KY-14,KENTUCKY COLONEL,,COLONEL,1,974727,CASEY JONES KENTUCKY STRAIGHT BOURBON,STILLWORKS LLC,54,2021-04,2022-11,47.1,0.0,1.0,CASEY JONE,fallback,reject,
P000042,DSP-KY-14,KENTUCKY COLONEL,,COLONEL,1,916906,HA BOOKERS,JIM BEAM BRANDS,312,2018-10,2022-04,46.2,0.0,1.0,BOOKER,vendor,reject,
P000042,DSP-KY-14,KENTUCKY COLONEL,,COLONEL,1,20286,OLD CROW TRAVELER,JIM BEAM BRANDS,63551,2012-01,2026-04,41.7,0.0,1.0,OLD CROW TRAVELER,vendor,reject,
P000042,DSP-KY-14,KENTUCKY COLONEL,,COLONEL,1,919220,KNOB CREEK LONGHORN LABEL,JIM BEAM BRANDS,1782,2021-04,2026-04,38.5,0.0,1.0,KNOB CREEK LONGHORN,vendor,reject,
P000042,DSP-KY-14,KENTUCKY COLONEL,,COLONEL,1,919441,HA LITTLE BOOK THE INFINITE,JIM BEAM BRANDS,150,2024-12,2025-12,37.0,0.0,1.0,LITTLE BOOK INFINITE,vendor,reject,
P000042,DSP-KY-14,KENTUCKY COLONEL,,COLONEL,1,16906,BOOKER'S 6YR,JIM BEAM BRANDS,5666,2014-02,2018-05,35.3,0.0,1.0,BOOKER 6YR,vendor,reject,
P000043,KY-DRB-10,EARLY TIMES,,EARLY TIME,1,17826,EARLY TIMES 36 MO KY STR BOURBON,BROWN-FORMAN CORPORATION,39939,2012-01,2024-07,100.0,1.0,1.0,36,vendor,review,age/proof/year on item: 36
P000043,KY-DRB-10,EARLY TIMES,,EARLY TIME,1,17826,EARLY TIMES 36 MO KY STR BOURBON,BROWN-FORMAN CORPORATION,39939,2012-01,2024-07,100.0,1.0,1.0,36,fallback,review,age/proof/year on item: 36
P000043,KY-DRB-10,EARLY TIMES,,EARLY TIME,1,16087,EARLY TIMES BOTTLE IN BOND,SAZERAC COMPANY  INC,864,2026-02,2026-04,100.0,1.0,1.0,BOTTLE IN,fallback,review,extra words: BOTTLE IN
P000043,KY-DRB-10,EARLY TIMES,,EARLY TIME,1,17836,EARLY TIMES BOURBON 354,BROWN-FORMAN CORPORATION,36,2012-03,2013-06,100.0,1.0,1.0,354,vendor,review,age/proof/year on item: 354
P000043,KY-DRB-10,EARLY TIMES,,EARLY TIME,1,17836,EARLY TIMES BOURBON 354,BROWN-FORMAN CORPORATION,36,2012-03,2013-06,100.0,1.0,1.0,354,fallback,review,age/proof/year on item: 354
P000043,KY-DRB-10,EARLY TIMES,,EARLY TIME,1,917948,EASY RIDER BOURBON,HOOD RIVER DISTILLERS,6,2021-07,2021-07,60.0,0.0,1.0,EASY RIDER,fallback,reject,
P000043,KY-DRB-10,EARLY TIMES,,EARLY TIME,1,17206,CEDAR RIDGE BOURBON,CEDAR RIDGE VINEYARDS LL,664412,2012-01,2026-04,57.1,0.0,1.0,CEDAR RIDGE,fallback,reject,
P000043,KY-DRB-10,EARLY TIMES,,EARLY TIME,1,19066,JIM BEAM,JIM BEAM BRANDS,1052195,2012-01,2026-04,55.6,0.0,1.0,JIM BEAM,fallback,reject,
P000043,KY-DRB-10,EARLY TIMES,,EARLY TIME,1,20375,OLD FORESTER STATESMAN,BROWN FORMAN CORP.,9019,2017-10,2026-04,37.5,0.0,1.0,OLD FORESTER STATESMAN,vendor,reject,
P000043,KY-DRB-10,EARLY TIMES,,EARLY TIME,1,917517,COOPERS CRAFT KENTUCKY STRAIGHT BOURBON WHISKEY,BROWN FORMAN CORP.,120,2021-04,2022-06,36.4,0.0,1.0,COOPER CRAFT,vendor,reject,
P000043,KY-DRB-10,EARLY TIMES,,EARLY TIME,1,974782,JACK DANIEL'S WINTER JACK,BROWN-FORMAN CORPORATION,12,2016-04,2016-04,35.7,0.0,1.0,JACK DANIEL WINTER JACK,vendor,reject,
P000043,KY-DRB-10,EARLY TIMES,,EARLY TIME,1,920380,OLD FORESTER SINGLE BARREL BARREL PROOF (BARREL BUY),BROWN FORMAN CORP.,3600,2024-04,2026-03,34.8,0.0,1.0,OLD FORESTER SINGLE BARREL BARREL PROOF BARREL BUY,vendor,reject,
P000044,DSP-MO-16,ELIJAH CRAIG,,ELIJAH CRAIG,1,17916,ELIJAH CRAIG,HEAVEN HILL BRANDS,261407,2013-01,2026-04,100.0,1.0,1.0,,fallback,review,exact but fallback
P000044,DSP-MO-16,ELIJAH CRAIG,,ELIJAH CRAIG,1,917929,ELIJAH CRAIG BARREL PROOF PRIVATE BARREL BUY THE BARREL,HEAVEN HILL BRANDS,11352,2022-02,2026-03,100.0,1.0,1.0,BARREL PROOF PRIVATE BARREL BUY BARREL,fallback,review,extra words: BARREL PRIVATE BARREL BUY BARREL
P000044,DSP-MO-16,ELIJAH CRAIG,,ELIJAH CRAIG,1,17913,ELIJAH  CRAIG TOASTED BARREL,HEAVEN HILL BRANDS,8731,2024-04,2026-04,100.0,1.0,1.0,TOASTED BARREL,fallback,review,extra words: TOASTED BARREL
P000044,DSP-MO-16,ELIJAH CRAIG,,ELIJAH CRAIG,1,917921,ELIJAH CRAIG BARREL PROGRAM,HEAVEN HILL BRANDS,6060,2017-08,2021-06,100.0,1.0,1.0,BARREL PROGRAM,fallback,review,extra words: BARREL PROGRAM
P000044,DSP-MO-16,ELIJAH CRAIG,,ELIJAH CRAIG,1,17917,ELIJAH CRAIG BARREL PROOF,HEAVEN HILL BRANDS,1285,2025-08,2026-04,100.0,1.0,1.0,BARREL PROOF,fallback,review,extra words: BARREL
P000044,DSP-MO-16,ELIJAH CRAIG,,ELIJAH CRAIG,1,902894,ELIJAH CRAIG 12YR BOURBON,HEAVEN HILL BRANDS,924,2012-02,2012-12,100.0,1.0,1.0,12YR,fallback,review,age/proof/year on item: 12YR
P000044,DSP-MO-16,ELIJAH CRAIG,,ELIJAH CRAIG,1,21068,PENELOPE FOUR GRAIN STRAIGHT BOURBON,LUXCO INC,5168,2023-08,2026-04,38.7,0.0,1.0,PENELOPE FOUR GRAIN,vendor,reject,
P000044,DSP-MO-16,ELIJAH CRAIG,,ELIJAH CRAIG,1,24508,PENELOPE CIGAR SESSIONS CHAPTER 1,LUXCO INC,318,2025-05,2025-05,36.4,0.0,1.0,PENELOPE CIGAR SESSION CHAPTER 1,vendor,reject,
P000044,DSP-MO-16,ELIJAH CRAIG,,ELIJAH CRAIG,1,903757,REBEL YELL BOURBON,LUXCO-ST LOUIS,204,2012-02,2013-03,36.4,0.0,1.0,REBEL YELL,vendor,reject,
P000044,DSP-MO-16,ELIJAH CRAIG,,ELIJAH CRAIG,1,917633,HA DAVIESS COUNTY MEDIUM TOAST,LUXCO INC,89,2023-09,2023-09,35.9,0.0,1.0,DAVIESS COUNTY MEDIUM TOAST,vendor,reject,
P000044,DSP-MO-16,ELIJAH CRAIG,,ELIJAH CRAIG,1,25995,OID EZRA 7YR RYE,LUXCO INC,230,2023-05,2026-02,35.7,0.0,1.0,OID EZRA 7YR RYE,vendor,reject,
P000044,DSP-MO-16,ELIJAH CRAIG,,ELIJAH CRAIG,1,21198,BP REBEL CASK STRENGTH,LUXCO INC,210,2023-01,2023-01,35.3,0.0,1.0,BP REBEL CASK STRENGTH,vendor,reject,
P000045,DSP-CA-131,DIAMOND,,DIAMOND,1,989772,STRANAHAN'S DIAMOND PEAK,PROXIMO,132,2016-07,2025-05,100.0,1.0,1.0,STRANAHAN PEAK,none,review,extra words: STRANAHAN PEAK
P000045,DSP-CA-131,DIAMOND,,DIAMOND,1,24906,OLD CAMP WHISKEY,PROXIMO,5443,2017-07,2020-08,53.3,0.0,1.0,OLD CAMP,none,reject,
P000045,DSP-CA-131,DIAMOND,,DIAMOND,1,916623,DEADWOOD BOURBON,AMERICAN SPIRITS EXCHANGE,48,2022-10,2023-04,53.3,0.0,1.0,DEADWOOD,none,reject,
P000045,DSP-CA-131,DIAMOND,,DIAMOND,1,924921,FIELD & SOUND BOTTLED IN BOND BOURBON,LONG ISLAND SPIRITS INC.,6,2023-12,2023-12,47.6,0.0,1.0,FIELD SOUND IN,none,reject,
P000045,DSP-CA-131,DIAMOND,,DIAMOND,1,21168,RD ONE KY STRAIGHT BOURBON WHISKEY,PARK STREET IMPORTS,378,2023-11,2025-01,46.2,0.0,1.0,RD ONE,none,reject,
P000045,DSP-CA-131,DIAMOND,,DIAMOND,1,16196,JIM BEAM BONDED,JIM BEAM BRANDS,346,2015-01,2016-01,45.5,0.0,1.0,JIM BEAM BONDED,none,reject,
P000046,WI-P-4887,OLD DAWSON HOOTLH,,OLD DAWSON HOOTLH,1,22618,OLD 48 BOURBON,ROCKY TOP INVESTMENTS / ROCK RIVER DISTILLATION,185,2025-10,2026-04,66.7,0.33,1.0,48,none,reject,
P000046,WI-P-4887,OLD DAWSON HOOTLH,,OLD DAWSON HOOTLH,1,20920,OLD TUB,JIM BEAM BRANDS,5485,2020-06,2024-09,60.0,0.33,1.0,TUB,none,reject,
P000046,WI-P-4887,OLD DAWSON HOOTLH,,OLD DAWSON HOOTLH,1,27590,SMOOTH AMBLER OLD SCOUT STRAIGHT BOURBON,PERNOD RICARD USA,818,2024-09,2026-04,60.0,0.33,1.0,SMOOTH AMBLER SCOUT,none,reject,
P000046,WI-P-4887,OLD DAWSON HOOTLH,,OLD DAWSON HOOTLH,1,901831,SMOOTH AMBLER OLD SCOUT,THE COUNTRY VINTNER,18,2014-03,2014-11,60.0,0.33,1.0,SMOOTH AMBLER SCOUT,none,reject,
P000046,WI-P-4887,OLD DAWSON HOOTLH,,OLD DAWSON HOOTLH,1,20158,OLD CAMP WOLF MOON WHISKEY,PROXIMO,8485,2020-02,2025-06,57.1,0.33,1.0,CAMP WOLF MOON,none,reject,
P000046,WI-P-4887,OLD DAWSON HOOTLH,,OLD DAWSON HOOTLH,1,26771,OLD SOUL BOURBON,BOTTLE TREE BEVERAGE COMPANY LLC / CATHEAD DISTILLERY,672,2022-05,2023-07,56.0,0.33,1.0,SOUL,none,reject,
P000047,WI-P-4887,FLANAGAN'S,,FLANAGAN,1,16850,BLANTONS BOURBON,SAZERAC COMPANY  INC,116612,2013-11,2026-04,53.3,0.0,1.0,BLANTON,none,reject,
P000047,WI-P-4887,FLANAGAN'S,,FLANAGAN,1,19436,LEXINGTON,WESTERN SPIRITS BEVERAGE CO. LLC,4870,2012-10,2018-08,47.1,0.0,1.0,LEXINGTON,none,reject,
P000047,WI-P-4887,FLANAGAN'S,,FLANAGAN,1,919436,LEXINGTON BOURBON,WESTERN SPIRITS BEVERAGE,6,2020-04,2020-04,47.1,0.0,1.0,LEXINGTON,none,reject,
P000047,WI-P-4887,FLANAGAN'S,,FLANAGAN,1,27560,STRANAHANS COLORADO WHISKEY,PROXIMO,6315,2016-08,2026-04,46.2,0.0,1.0,STRANAHAN COLORADO,none,reject,
P000047,WI-P-4887,FLANAGAN'S,,FLANAGAN,1,916715,BARREL BOURBON VANTAGE,MHW LTD,78,2022-11,2024-02,45.5,0.0,1.0,BARREL VANTAGE,none,reject,
P000047,WI-P-4887,FLANAGAN'S,,FLANAGAN,1,919411,FOUR GRAIN STRAIGHT BOURBON,GARGOYLE ENTERPRISES / LAWS WHISKEY HOUSE,300,2020-04,2025-10,44.4,0.0,1.0,FOUR GRAIN,none,reject,
P000048,WI-P-4887,ON THE BORDER,,ON BORDER,1,16916,BORDER BOURBON,45TH PARALLEL SPIRITS,715,2020-09,2022-07,100.0,0.5,1.0,,none,review,fuzzy only
P000048,WI-P-4887,ON THE BORDER,,ON BORDER,1,922399,BODALEN BOURBON,"FAR NORTH SPIRITS, INC.",60,2023-04,2025-08,62.5,0.0,1.0,BODALEN,none,reject,
P000048,WI-P-4887,ON THE BORDER,,ON BORDER,1,16843,BIRD DOG KENTUCKY STRAIGHT BOURBON,WESTERN SPIRITS BEVERAGE,2880,2020-08,2023-08,58.8,0.0,1.0,BIRD DOG,none,reject,
P000048,WI-P-4887,ON THE BORDER,,ON BORDER,1,16825,BIRD DOG BOURBON,WESTERN SPIRITS BEVERAGE CO. LLC,2320,2014-02,2016-03,58.8,0.0,1.0,BIRD DOG,none,reject,
P000048,WI-P-4887,ON THE BORDER,,ON BORDER,1,16853,BIRD DOG KENTUCKY BOURBON,WESTERN SPIRITS BEVERAGE,462,2017-07,2019-02,58.8,0.0,1.0,BIRD DOG,none,reject,
P000048,WI-P-4887,ON THE BORDER,,ON BORDER,1,920156,OLD BLOWHARD HA,DIAGEO AMERICAS,36,2014-03,2014-03,57.1,0.0,1.0,OLD BLOWHARD,none,reject,
P000049,DSP-CA-131,AMBER DISTILLED PRODUCTS,,AMBER,1,924754,MEMBERS MARK BOURBON WHISKEY,SAZERAC COMPANY  INC,10881,2024-12,2026-03,62.5,0.0,1.0,MEMBER MARK,none,reject,
P000049,DSP-CA-131,AMBER DISTILLED PRODUCTS,,AMBER,1,20536,KENTUCKY TAVERN BOURBON,SAZERAC COMPANY  INC,14579,2016-08,2025-12,54.5,0.0,1.0,TAVERN,none,reject,
P000049,DSP-CA-131,AMBER DISTILLED PRODUCTS,,AMBER,1,903635,KENTUCKY TAVERN BOURBON,SAZERAC NORTH AMERICA,936,2013-10,2016-04,54.5,0.0,1.0,TAVERN,none,reject,
P000049,DSP-CA-131,AMBER DISTILLED PRODUCTS,,AMBER,1,16916,BORDER BOURBON,45TH PARALLEL SPIRITS,715,2020-09,2022-07,54.5,0.0,1.0,BORDER,none,reject,
P000049,DSP-CA-131,AMBER DISTILLED PRODUCTS,,AMBER,1,916906,HA BOOKERS,JIM BEAM BRANDS,312,2018-10,2022-04,54.5,0.0,1.0,BOOKER,none,reject,
P000049,DSP-CA-131,AMBER DISTILLED PRODUCTS,,AMBER,1,916549,MEMBERS MARK BOTTLED IN BOND,SAZERAC COMPANY  INC,1332,2025-11,2025-11,52.6,0.0,1.0,MEMBER MARK IN,none,reject,
P000050,DSP-KY-113,BLANTON BOURBON,SPECIAL RESERVE,BLANTON SPECIAL RESERVE,2,16850,BLANTONS BOURBON,SAZERAC COMPANY  INC,116612,2013-11,2026-04,100.0,1.0,0.0,,vendor,review,fanciful or number not found
P000050,DSP-KY-113,BLANTON BOURBON,SPECIAL RESERVE,BLANTON SPECIAL RESERVE,2,16850,BLANTONS BOURBON,SAZERAC COMPANY  INC,116612,2013-11,2026-04,100.0,1.0,0.0,,fallback,review,fanciful or number not found
P000050,DSP-KY-113,BLANTON BOURBON,SPECIAL RESERVE,BLANTON SPECIAL RESERVE,2,902574,WELLER SPECIAL RESERVE BOURBON 7YR HA,"SAZERAC CO., INC.",2727,2012-01,2016-01,78.9,0.0,1.0,WELLER 7YR,vendor,review,extra words: WELLER
P000050,DSP-KY-113,BLANTON BOURBON,SPECIAL RESERVE,BLANTON SPECIAL RESERVE,2,902574,WELLER SPECIAL RESERVE BOURBON 7YR HA,"SAZERAC CO., INC.",2727,2012-01,2016-01,78.9,0.0,1.0,WELLER 7YR,fallback,review,extra words: WELLER
P000050,DSP-KY-113,BLANTON BOURBON,SPECIAL RESERVE,BLANTON SPECIAL RESERVE,2,16841,BLANTON GOLD BOURBON,SAZERAC COMPANY  INC,45,2020-07,2020-07,73.7,1.0,0.0,GOLD,vendor,review,fanciful or number not found
P000050,DSP-KY-113,BLANTON BOURBON,SPECIAL RESERVE,BLANTON SPECIAL RESERVE,2,16841,BLANTON GOLD BOURBON,SAZERAC COMPANY  INC,45,2020-07,2020-07,73.7,1.0,0.0,GOLD,fallback,review,fanciful or number not found
P000050,DSP-KY-113,BLANTON BOURBON,SPECIAL RESERVE,BLANTON SPECIAL RESERVE,2,916874,BLANTONS SAZERAC BARREL SELECT BUY THE BARREL,SAZERAC COMPANY  INC,822,2025-11,2026-04,60.7,1.0,0.0,SAZERAC BARREL SELECT BUY BARREL,vendor,review,fanciful or number not found
P000050,DSP-KY-113,BLANTON BOURBON,SPECIAL RESERVE,BLANTON SPECIAL RESERVE,2,903568,BLANTON'S SING BARREL BOURBON 6PAK,"SAZERAC CO., INC.",1458,2012-01,2014-05,59.6,1.0,0.0,SING BARREL 6PAK,vendor,review,fanciful or number not found
P000050,DSP-KY-113,BLANTON BOURBON,SPECIAL RESERVE,BLANTON SPECIAL RESERVE,2,903066,HANCOCK RESERVE BOURBON,"SAZERAC CO., INC.",54,2012-01,2015-04,63.6,0.0,0.5,HANCOCK,vendor,reject,
P000050,DSP-KY-113,BLANTON BOURBON,SPECIAL RESERVE,BLANTON SPECIAL RESERVE,2,903066,HANCOCK RESERVE BOURBON,"SAZERAC CO., INC.",54,2012-01,2015-04,63.6,0.0,0.5,HANCOCK,fallback,reject,
P000050,DSP-KY-113,BLANTON BOURBON,SPECIAL RESERVE,BLANTON SPECIAL RESERVE,2,19909,NELSON BROS WHISKEY RESERVE BOURBON,CONSTELLATION BRANDS INC,757,2022-04,2024-07,63.4,0.0,0.5,NELSON BRO,fallback,reject,
P000050,DSP-KY-113,BLANTON BOURBON,SPECIAL RESERVE,BLANTON SPECIAL RESERVE,2,919909,NELSON BROS. WHISKEY RESERVE BOURBON,CONSTELLATION BRANDS INC,6,2025-04,2025-04,63.4,0.0,0.5,NELSON BRO,fallback,reject,
P000051,DSP-KY-113,BLANTON BOURBON,SILVER EDITION,BLANTON SILVER EDITION,1,16850,BLANTONS BOURBON,SAZERAC COMPANY  INC,116612,2013-11,2026-04,100.0,1.0,0.0,,vendor,review,fanciful or number not found
P000051,DSP-KY-113,BLANTON BOURBON,SILVER EDITION,BLANTON SILVER EDITION,1,16850,BLANTONS BOURBON,SAZERAC COMPANY  INC,116612,2013-11,2026-04,100.0,1.0,0.0,,fallback,review,fanciful or number not found
P000051,DSP-KY-113,BLANTON BOURBON,SILVER EDITION,BLANTON SILVER EDITION,1,916873,BLANTONS GOLD EDITION SAZERAC BARREL SELECT BUY THE BARREL,SAZERAC COMPANY  INC,1914,2025-07,2025-12,81.1,1.0,0.5,GOLD SAZERAC BARREL SELECT BUY BARREL,vendor,review,fanciful or number not found
P000051,DSP-KY-113,BLANTON BOURBON,SILVER EDITION,BLANTON SILVER EDITION,1,916873,BLANTONS GOLD EDITION SAZERAC BARREL SELECT BUY THE BARREL,SAZERAC COMPANY  INC,1914,2025-07,2025-12,81.1,1.0,0.5,GOLD SAZERAC BARREL SELECT BUY BARREL,fallback,review,fanciful or number not found
P000051,DSP-KY-113,BLANTON BOURBON,SILVER EDITION,BLANTON SILVER EDITION,1,16841,BLANTON GOLD BOURBON,SAZERAC COMPANY  INC,45,2020-07,2020-07,73.7,1.0,0.0,GOLD,vendor,review,fanciful or number not found
P000051,DSP-KY-113,BLANTON BOURBON,SILVER EDITION,BLANTON SILVER EDITION,1,16841,BLANTON GOLD BOURBON,SAZERAC COMPANY  INC,45,2020-07,2020-07,73.7,1.0,0.0,GOLD,fallback,review,fanciful or number not found
P000051,DSP-KY-113,BLANTON BOURBON,SILVER EDITION,BLANTON SILVER EDITION,1,916850,BLANTONS BUY THE BARREL,SAZERAC COMPANY  INC,6798,2017-08,2025-02,56.0,1.0,0.0,BUY BARREL,vendor,review,fanciful or number not found
P000051,DSP-KY-113,BLANTON BOURBON,SILVER EDITION,BLANTON SILVER EDITION,1,916809,HA BLANTONS STRAIGHT FROM THE BARREL BOURBON,SAZERAC COMPANY  INC,401,2021-03,2024-03,53.8,1.0,0.0,FROM BARREL,vendor,review,fanciful or number not found
P000051,DSP-KY-113,BLANTON BOURBON,SILVER EDITION,BLANTON SILVER EDITION,1,18441,GREEN RIVER BOURBON ARMY 250TH EDITION,THE BARDSTOWN BOURBON COMPANY LLC,290,2025-10,2025-10,57.7,0.0,0.5,GREEN RIVER ARMY 250TH,fallback,reject,
P000051,DSP-KY-113,BLANTON BOURBON,SILVER EDITION,BLANTON SILVER EDITION,1,19094,JIM BEAM CUBS EDITION,JIM BEAM BRANDS,11855,2018-04,2018-06,57.1,0.0,0.5,JIM BEAM CUB,fallback,reject,
P000051,DSP-KY-113,BLANTON BOURBON,SILVER EDITION,BLANTON SILVER EDITION,1,916908,BOOKER'S 25TH ANNIVERSARY EDITION HA,JIM BEAM BRANDS,12,2014-03,2014-04,56.6,0.0,0.5,BOOKER 25TH ANNIVERSARY,fallback,reject,
P000051,DSP-KY-113,BLANTON BOURBON,SILVER EDITION,BLANTON SILVER EDITION,1,921806,HA VERY OLD BARTON 6YR,SAZERAC NORTH AMERICA,487,2017-05,2022-02,53.7,0.0,0.0,VERY OLD BARTON 6YR,vendor,reject,
